질문 유형,직무 - 회사,질문,답변
동기/포부,백엔드 개발자 - 금융결제원,지원동기,"""최고가 되기 위해서""

금융결제원은 국내 다양한 금융 관련 서비스를 지원하는 최고의 기업입니다.

이런 여러 서비스 운영에 있어 중요한 것은 사용자에게 적절한 UI의 표출, 그리고 효율적인 데이터 처리를 통한 빠른 속도 제공입니다.

저는 이를 배우기 위해 매일 진행 중인 알고리즘 풀이 외에도 기존에 공부했던 JSP에 대해 조금 더 파악하고, spring에 활용하기 전에 배우기 위해 관련 학원에 다니며 공부하였고, 여러 예제를 사용한 Spring 프로젝트를 진행했습니다.

그리고 JPA를 사용하는 여러 방식과 주의점, querydsl 등 많은 부분에의 공부를 해 보았습니다.

백엔드 이외에도 front-end에 활용되는 javascript의 기능 활용을 더 잘 알기 위해, vanilla JS를 사용하여 조금씩 난도를 높여가며 프로젝트를 진행 중입니다.

그렇게 실력을 쌓아 가던 중 운이 좋게도 그동안 제가 공부하였고 앞으로의 진로로 결정하게 된 java spring이 기반이 되는 전산직 사무원을 채용한다는 소식을 들었고, 최고의 기업에서 가장 좋아하는 공부를 할 수 있을 것이라는 기대감을 품고 지원하게 되었습니다."
기업/아이디어,백엔드 개발자 - 금융결제원,금융결제원 제공 서비스 이용 경험 및 느낀 점,"금융결제원이 제공하는 서비스는 매우 다양하며, 저는 개인적으로 금융공동망과 인터넷지로 서비스를 이용해 본 경험이 있습니다.금융공동망은 금융기관 간의 자금 이체를 실시간으로 처리하는 시스템으로, 이를 이용하면 다른 은행 계좌로 송금을 하거나 대출금을 상환하는 등의 업무를 편리하게 처리할 수 있습니다. 또한, 금융공동망은 보안성이 매우 높아 안전하게 이용할 수 있습니다.인터넷지로 서비스는 지로 요금 납부 및 조회 서비스를 제공하는 것으로, 이를 이용하면 지로 요금을 간편하게 납부할 수 있습니다. 또한, 인터넷지로 서비스를 이용하면 납부 내역을 쉽게 조회할 수 있어 편리합니다.금융결제원이 제공하는 서비스를 이용하면서 느낀 점은, 이들이 매우 편리하고 안전하다는 것입니다. 또한, 금융결제원은 고객들의 편의를 위해 다양한 서비스를 제공하고 있으며, 고객들의 요구에 적극적으로 대응하고 있습니다.금융결제원이 제공하는 서비스는 금융산업의 발전에 큰 역할을 하고 있으며, 앞으로도 더욱 발전할 것으로 기대됩니다. 그렇기 때문에 이곳에서 개발자로 일하며 다양한 사람을 위한 서비스를 만들 때에 저의 경험과 지식이 도움이 될 수 있을 것이라 생각합니다.

"
역량/경험,백엔드 개발자 - 금융결제원,전문가가 되기 위한 노력,"""노력의 발자취""개인 프로젝트 중 기억에 남는 것은 member의 id를 통해 이름을 가져오기 위한 fetch join을 사용해 여러 값들을 한꺼번에 가져오는 것이었습니다.제가 해당 프로젝트에서 진행한 내용은 다음과 같습니다.1. Entity를 통해 가져온 값을 DTO로 변환하고 mapstruct 사용Entity를 DTO로 mapstruct를 사용하여 변경하고 이를 노출하려 했습니다.그리고 mapstruct에서의 변환에서 기존의 Page로는 해당 방법이 불가능하다 생각하였습니다.그렇게 기존의 Page 형식을 List 형식으로 변환하고 mapstruct를 사용했습니다.2. List를 사용한 방식 사용 시 카운트 방식Page를 사용하면, JPA에서 TotalCount를 진행해 줍니다.당시에 이 totalcount를 통해 바로 최대 결과를 가져오는 것이 성능에의 불이익을 줄 수도 있다는 것을 간과하여 Page를 사용하는 것이 더 효율적일 것이라 생각하였습니다.3. 결과최종적으로 해당 문제를 해결하였고, 현재는 이보다 훨씬 정규화되고 효율적인 방법을 사용하는 더 빠른 방법을 도입하고 있습니다.앞으로도 노력을 통해 더욱 발전하겠습니다.

"
협업/성과,백엔드 개발자 - 금융결제원,"조직의 구성원으로서 갈등이 있었던 상황 / 원인, 대처방안, 현재 시점에서의 판단","""융합이란, IoT란""

4차 산업혁명이 도래하며 세계는 빠르게 발전하고 있습니다.
그중 가장 눈에 띄는 것은 바로 기기와 인터넷의 연결, IoT입니다.

저는 백엔드 개발자임과 동시에 전자공학과의 학생으로서 기존의 것에 새로운 아이디어를 합쳐 더 발전된 것을 만들 수 있는 방법을 모색했습니다.
마침 대학교 4학년이 신청할 수 있는 OOO 프로젝트를 진행하였고, 제가 만든 아이디어를 바탕으로 저는 팀장이 되어 저를 포함한 4인의 학생과 1인의 현업 개발자를 모집하였습니다.

처음 프로젝트를 진행할 때에는 아직 아이디어가 구체화되지 않고, 서로의 생각이 정리되지 않아 진행에 어려움이 있었습니다.
이를 해결하기 위해 저희는 매주 1회 정기 세션으로 브레인스토밍과 에자일 회의를 진행하며 의견과 상황을 교환하였습니다.

이 결과, 저희는 서로의 상황을 잘 이해하고 도움을 주는 법을 알았고, 특허를 출원하는 등의 성과 외에도 새로운 아이디어를 생각해 내고, 이를 구현하기 위해 노력하는 방법을 배웠습니다.

저는 이 경험을 토대로 언제나 새로운 방법을 생각하고, 이를 구현할 수 있는 사람이 될 수 있었다 생각합니다."
성장/가치관,백엔드 개발자 - 금융결제원,"가치관, 인생관","""앞서, 소통하며""저는 지금까지 친구들과 버스킹을 하거나, 농구 대회를 나가고, OOO을 통해 프로젝트를 하는 등 다양한 사람들과 많은 활동을 하였습니다.그중, 고등학생 나이대의 근처 취약계층 어린이에게 피아노를 가르쳐 주는 봉사활동을 했던 적이 있습니다.음악을 제대로 배운 적이 없는 아이에게 한 가지의 곡을 완성시키는 것을 도와주는 것이었는데, 배우는 아이도 저도 어렸을 때였기 때문에 처음부터 쉽게 되지는 않았습니다.저는 단순히 아이에게 음악을 가르쳐서 곡을 완성시키려고 했기 때문에 그 학생과의 소통을 중요시하지 않았고, 그 결과로 학생이 약속에 늦거나 오지 않는 일이 많았습니다.그와 관련해 주변 어른들에게 상담하였더니, 그 아이와 비슷한 나이대의 사람으로서, 그리고 공감을 해 줄 수 있는 선생으로서 도움을 주는 것이 선행되어야 한다는 것을 깨달을 수 있었습니다.이후 그 아이와 봉사시간 이후로도 자주 만나며 관계를 쌓았고, 완성하고자 했던 곡을 다 가르칠 수 있었으며, 최근에도 연락을 계속하는 좋은 친구로 남을 수 있었습니다.이를 통해 저는 누군가와 함께할 때에 먼저 소통을 통해 서로 알아가는 것이 중요하다는 것을 깨닫게 되었습니다.

"
성장/가치관,웹 개발자 - 한국투자증권,"성장과정:가족사항, 학창시절, 교우관계, 생활습관, 자신에게 크게 영향을 미친 사건","저희 가족은 회사원이신 아버지와 어머니 그리고 누나와 저 4인 가족입니다. 학창 시절 독서에 관심을 갖고 폭넓은 분야의 책을 지속적으로 읽었으며, 특히 위인전과 고전 소설, 동서양 철학 등 인문 고전을 탐독했습니다. 덕분에 다양한 인간상에 대한 이해와 공감 능력, 그리고 뛰어난 이성과 논리를 습득하는 한편, 인문학적 소양을 쌓으며 위인을 본받으려는 마음가짐을 다지게 되었습니다.이런 특성으로 인해 독서를 좋아하며 바람직한 도덕 관념과 겸손함을 갖춘 친구들과 주로 교우관계를 맺었으며, 성실하고 청렴하신 부모님을 본받아 아침 일찍 등교하고 야간 자율 학습 후 하교하는 성실한 생활 습관을 바탕으로 공부에 임했습니다.이지성 작가의 ‘꿈꾸는 다락방’을 읽으며 범인도 큰 꿈을 가짐으로써 위인으로 거듭나고 결국 그 꿈을 이룰 수 있다는 것을 깨달았고, 이것이 저에게 크게 영향을 미쳐 더 나은 사회를 위한 삶을 살고자 하는 평생의 꿈을 품게 되었습니다.

"
협업/성과,웹 개발자 - 한국투자증권,"실패 경험, 극복 사례","AI 연구 기관 OOOOO 인턴쉽 과정에서 할당 받은 데이터 분석 업무 달성에 대해 초기에 부족한 실력으로 인해 크게 좌절했으나 결국 전략적으로 역량을 쌓아 인턴 중 최고 성과를 달성하며 극복해낸 사례가 있습니다.
인턴 중 가장 부족한 데이터 분석 역량을 갖고 있던 저는 7개의 kaggle competition에서 일정한 예측 정확도 산출을 할당 받았으나, 자발적으로 더 큰 목표에 도전하여, 업무 단계별 초과달성을 통해 체계적으로 역량을 성장시키는 전략을 실천했습니다. 그 결과 최고 성과를 내어 인센티브와 정규직 제의를 받았습니다."
동기/포부,웹 개발자 - 한국투자증권,증권업을 선택하게된 이유와 증권사 중 당사를 선택한 이유,"증권업은 데이터 기반의 전략과 통찰로 고객의 안정적인 경제적 삶을 보장해주기에 금융인이 되길 희망하며 경영학을 전공했습니다. IT직무로 진로를 결정하면서 증권업에서 데이터 분석과 AI를 기반으로 고객 일상과 하나된 고객 친화적인 비즈니스 디지털 플랫폼을 만드는 꿈을 키워왔습니다.
한국투자증권은 저의 경영 도메인 기반 빅데이터 분석 및 AI 구현 역량과 SW 앱 개발 역량을 통해 당사의 한국투자와 미니스탁과 뱅키스 핀테크 서비스와 온라인 금융 상품권과 인공지능 리서치 AI 에어 서비스 개선에 기여할 수 있기에 지원했습니다"
동기/포부,웹 개발자 - 한국투자증권,지원 분야는 어떤 일을 하는지,"IT본부 내 트레이딩개발부와 BIZ개발부에 지원하고 있으며, 이 부서들은 매매 업무와 모바일 앱 개발, 그리고 증권 업무의 front부터 back office까지의 개발을 담당합니다.
이를 통해 기업 내 증권 업무를 담당하는 영업, 관리 부서의 내부 시스템 구축 및 SW 서비스를 제공하며, 고객의 금융 업무의 편의성을 증진시키기 위한 핀테크 앱을 개발합니다."
동기/포부,웹 개발자 - 한국투자증권,지원 분야에 적합한 이유,"저는 경영 IT 융합형 인재로서, 클라이언트와 비즈니스 이해를 기반으로 한국투자증권의 핀테크 서비스와 에어 AI 서비스를 고객 비즈니스 니즈 충족에 최적화된 비즈니스 SW 솔루션으로 개선시킬 수 있기에 한국투자증권의 IT 직무에 적합한 인재입니다.
경영학과와 컴퓨터 공학을 전공한 후, AI 연구기관 OOOOO 인턴 업무에서 실제 경영 빅데이터를 분석하여 최적의 솔루션을 도출했으며, AutoML을 위한 Meta feature extraction 기술 연구 조사를 통해 MFE, AutoML 구현 논문을 KCI 학회 발표 준비 중입니다. 또한 OOO 캡스톤 프로젝트, OOO SW 공모전에서 웹 풀스택 개발을 수행했으며, 그 중 OOO SW 공모전에서는 우수상을 수상했습니다.

OOOOO 연계 산업체 프로젝트와 소프트웨어 장학생으로 파견된 OOOO OOO에서의 App Dev, 캡스톤 프로젝트에서 안드로이드 앱을 개발했고, OOOO에서 A등급을 받았습니다."
성장/가치관,웹 개발자 - 한국투자증권,"인생계획, 회사가 어떤 도움을 줄 수 있는지?","저는 경영과 SW를 융합한 디지털 금융 혁신으로 고객 니즈에 최적화된 비즈니스 디지털 플랫폼을 창출하여 고객의 삶의 질을 높이고 더 발전된, 행복한 사회를 만들어가는 꿈을 갖고 있습니다. 한국투자증권은 카카오 등 빅테크 기업과의 연계와 혁신금융서비스로 효과적인 금융 디지털 전략과 핀테크 플랫폼 개발을 동시에 실천하고 있습니다. 이렇듯 DT를 통해 고객에게 기쁨을 주고 새로운 가치를 창조하는 한국투자증권의 현재의 도전에 동참하는 것은, 미래에 기업의 목표 달성과 함께 저의 꿈을 실현하는 데 도움이 될 것입니다.

저는 IT직무에서 핀테크 서비스를 고객 친화적으로 개선하고, 한국투자증권의 각 사업부문별 비즈니스 특성을 고려한 최적화된 전사적 시스템과 SW플랫폼, 그리고 전사적 데이터 거버넌스 시스템을 구축할 것입니다. 이는 지속적인 DT을 통해 기업의 글로벌 디지털 금융 선도에 기여하여 세계 사회의 발전과 삶의 질 향상에 기여할 수 있다는 점에서 저의 꿈 실현에 도움이 될 것입니다."
동기/포부,데이터사이언티스트 - 에코마케팅,직업 선택 기준/바라는 직장 모습,"""마케팅 인턴으로 알게 된 데이터 분석에 대한 흥미""
제 본래 커리어 목표는 퍼포먼스 마케터였습니다. 이를 위해 인턴, 동아리, 공모전 등 다양한 경험을 쌓았습니다. 그리고 이 과정에서 저는 업무와 의사결정의 기반이 되는 ‘데이터'의 중요성을 알게 되었고, 데이터 자체에 더 관심을 가지게 되었습니다. 이러한 관심사를 구체화하기 위해 저는 인턴 중에 틈틈이 데이터마케팅 교육을 수강한 경험이 있습니다.

해당 교육을 통해 약 5주 동안 웹 환경의 고객 여정을 설계했습니다. 저는 Unbounce라는 도구로 페이지를 제작하였고, 틈틈이 페이지를 이용해 보며 불편한 지점을 가설로 만들었습니다. 기존 페이지는 콘텐츠의 양이 너무 많았고, 이미지가 페이지 중간에 위치했습니다. 또한 회원가입 페이지로 유도하는 버튼도 가독성이 좋지 않다고 판단했습니다. 이러한 가설을 바탕으로 Mixpanel을 통해 AB 테스트를 진행했고, 전환율이 약 7% 상승한 것을 확인할 수 있었습니다.
위와 같은 경험을 통해 데이터 분석에 대한 제 흥미를 확실히 확인할 수 있었습니다. 그리고 다양한 경험을 통해 습득한 마케팅에 대한 이해를 바탕으로 데이터 분석 업무를 수행하기 위해 에코마케팅의 데이터 분석가 인턴을 지원하게 되었습니다.

""반복적인 업무에만 매몰되지 않고, 전체 프로세스를 이해하고 경험할 수 있는 조직""
저는 새로운 일에 도전하는 것을 좋아하며, 이를 통해 성장할 수 있는 직장을 희망합니다. 이러한 성장성이 보장되기 위해서는 한 업무에만 매몰되지 않고 전체 프로세스를 이해하고 경험할 수 있는 업무환경이 선행되어야 한다고 생각합니다.
이러한 관점에서 에코마케팅은 저에게 적합한 조직입니다. 에코마케팅은 각 분야의 전문팀이 해당 영역에 대해 끊임없이 연구하여 혁신하는 한편, 프로젝트에는 각 팀의 구성원이 하나의 유닛으로 활동하게 됩니다. 이러한 업무환경을 통해 매번 다른 프로젝트와 구성원을 통해 새로운 경험과 공부를 할 수 있다고 생각합니다.
에코마케팅에서 다양한 경험과 사람을 만나 계속해서 발전하는 데이터 분석가로 성장하고 싶습니다."
동기/포부,데이터사이언티스트 - 에코마케팅,해당 직장 블로그 인터뷰 → 인터뷰이 중 자신의 생각과 가장 닮아 있다고 생각하는 사람은 누구이며 그 이유는 무엇인가요?,"""Kyle : 주도적으로 살고 싶은 이들에게 전합니다""""내가 스스로, 주도적으로, 자발적으로 일하고 싶다""Kyle 프로님의 인터뷰를 읽으며 위문장에 깊이 공감하였습니다. 저도 주도적인 인생, 주도적인 업무를 지향하기 때문입니다. 이를 위해 저는 늘 작은 목표들을 설정하고 이를 달성하기 위해 성실하게 움직입니다.학생 시절에는 여러 가지 공모전과 대외활동을 하며 팀원들에게 제 의견을 분명하고 설득력 있게 전달하기 위해 Powerpoint와 Photoshop 같은 디자인 툴을 공부했습니다. 3번의 인턴 경험을 거치면서 비즈니스 의사결정에 있어서 강력한 무기가 되는 데이터의 중요성을 깨달았고, 로우 데이터를 다루는 마케터가 되기 위해 약 4개월간 비즈니스 분석가 과정을 수료하였습니다.이 과정에서 시각화 공모전을 준비하여 우수상을 수상하기도 했습니다. 평일 9시간 동안 수업과 프로젝트를 수행하며 SQL, Python, Tableau와 같은 기술 역량을 길렀습니다. 그리고 이후 저녁시간과 주말을 활용하여 각 기업별로 분산된 데이터를 통합적으로 확인할 수 있는 HR 대시보드를 제작했습니다. 각각의 데이터를 Python을 사용해 한국표준분류에 따라 통합했습니다. Tableau를 활용하여 기업의 산업과 규모에 따라 데이터를 비교할 수 있도록 동적 대시보드를 구성했습니다.공모전을 준비하며 데이터 분석에 있어서 기술적인 어려움도 존재했지만, 비즈니스 도메인에 대한 이해와 서로 다른 데이터를 연결해서 사고할 수 있는 능력의 중요성을 깨달았습니다. 부여된 목표와 책임을 다하기 위해 자기 계발을 거듭하고, 한국 표준분류를 찾아보는 등의 추가적인 인사이트 확보를 위해 노력했습니다. 조직의 목표에 몰입하여 책임을 다하는 구성원이 되겠습니다.이처럼 저는 주도적으로 제 일에 몰두하고 공부하는 사람입니다. Kyle 프로님과 같이 에코마케팅의 다른 프로님들과 함께 시너지를 낼 수 있는 구성원이 되고 싶습니다.

"
역량/경험,데이터사이언티스트 - 에코마케팅,직무 관련 전문지식/경험,"""고객 데이터 기반 CRM 기획 경험""
OO에서 그로스 해커 인턴으로 근무하며 어드민 데이터를 활용해 CRM을 기획하는 업무를 진행했습니다. 구매 횟수에 따라 고객의 Decile을 구성하고 그에 따라 차등적인 할인율을 제공하는 쿠폰을 발행했습니다. 쿠폰의 성과를 측정하기 위해 '첫 구매일 이후 각 기간별 재구매율'을 볼 수 있는 리텐션 차트를 제작하기도 했습니다.
또한 문자 알림 대상자를 선정하기 위해 데이터 기반의 가설을 수립하고 검증한 경험이 있습니다. 현재 '장바구니'나 '좋아요'기능이 없는 서비스 특성상 상품에 관심을 가지는 고객을 추출하는데 어려움이 있었습니다. 이를 위해 ""구매자는 상세페이지 방문 횟수가 일정 횟수 이상을 넘을 것이다""라는 가설을 세웠고 SQL을 통해 상세페이지 방문 횟수가 3회 이상이 될 때 구매 전환수가 증가한 것을 확인했습니다. 이러한 인사이트를 반영하여 문자 알림 대상자를 선정하였고 최종 구매전환율을 0.5%까지 달성할 수 있었습니다.
이러한 데이터 기반의 가설 검증 및 분석 경험은 에코 마케팅에서 데이터 직무로 근무를 하는 데 도움이 될 것이라 확신합니다.

""데이터 분석 도구 활용 능력""
약 4개월 동안 비즈니스 데이터 분석가 과정을 수료했습니다. 해당 과정을 통해 데이터 분석 도구인 SQL, Python, Tableau 등에 대해 공부했습니다. 또한 프로젝트의 일환으로 리셀 플랫폼인 KREAM의 데이터를 추출해 스니커즈의 리셀 가격을 분석한 경험이 있습니다.
저는 데이터 전처리와 EDA를 담당하였습니다. Python을 통해 KREAM에 등록된 일부 스니커즈 데이터를 크롤링하고 전처리를 진행하였습니다. 그리고 Python과 Tableau로 EDA를 진행하면서 가설 설정에 필요한 변수를 새로운 칼럼으로 추가하였습니다. 최종적으로 유의미한 상관관계를 보인 콜라보, 브랜드, 사이즈를 변수로 선정해 판매 가격에 대한 가설을 설정하였습니다.
위 경험을 통해 Python을 활용한 데이터 전처리 능력과 시각화 역량, 협업 능력 등을 기를 수 있었습니다.

""마케팅에 대한 높은 이해도""
저는 3번의 인턴 경험을 통해 콘텐츠, 퍼포먼스, 데이터, CRM 등 B2C와 B2B를 가리지 않고 다양한 마케팅 업무를 경험했습니다.
글로벌 번역 서비스 스타트업에서 B2B 프로모션을 담당하였고, 부차적으로 퍼포먼스 마케팅을 지원하며 구글 태그 생성, 홈페이지 콘텐츠 개선, 콜드 메일링 등의 작업을 지원했습니다. 또한 OO에서 콘텐츠 마케팅 인턴으로 화장품, 아이웨어 브랜드의 글로벌 SNS 콘텐츠를 기획하는 업무를 진행했습니다.

OO에서 OO의 데이터 분석 프로젝트에 참여한 경험이 있습니다. 주로 인사이트 보고서를 작성하는 업무를 지원했습니다. 주기적으로 Adobe Analytics를 통해 데이터를 보고서로 가져온 후 트래픽의 이상 여부를 확인했습니다. 변경된 CTA와 페이지가 있을 경우, 옴니 버그를 통해 실제 트래픽 발생 여부를 비교하여 보고서를 수정했습니다. 당시 위와 같은 작업을 통해 약 2주에 걸쳐 프로모션 페이지 내 영상 링크에서 클릭률이 저조한 CTA를 정리해 사용성을 증대시키기도 했습니다.
이러한 마케팅에 대한 관심과 이해도는 에코마케팅에서 진행하는 다양한 프로젝트의 데이터를 이해하고 분석하는 데 도움이 될 것이라 확신합니다.
이처럼 저는 마케팅 실무 경험을 바탕으로 데이터 분석에 대한 필요와 제 흥미를 찾았습니다. 그리고 그러한 호기심을 바탕으로 새로운 도구와 방법론에 대한 공부를 지속하는 사람입니다."
동기/포부,머신러닝엔지니어 - LG CNS,지원 동기 / 입사 이후 꿈꾸는 것,"""코딩을 이용해 키운 통계적 역량으로 혁신에 기여하고 싶습니다""새내기 시절 놀기 좋아하던 저의 관심을 처음으로 끈 전공 수업은 컴퓨터자료처리 수업이었습니다. R과 SAS 등 통계 프로그램을 이용하니 복잡한 계산에 정신이 팔리지 않고 통계적 원리를 더 파고들 수 있었습니다. 깨달은 원리를 코딩으로 실현시키는 것에 재미를 느껴 해당 수업에서 일 등을 할 정도로 흥미와 열정을 가지고 공부했습니다. 그 수업을 계기로 자신감을 얻어 혼자서 파이썬과 VBA를 추가로 공부하고, R 마크다운을 이용하는 법이나 정규표현식 등 다양하게 코드를 구현하는 방법을 배워 통계분석과 코딩 역량을 꾸준히 발전시켰습니다. 이런 저에게 LG CNS는 제 역량을 발휘하고 관련 기술을 더 키울 수 있는 완벽한 회사입니다. 본사에서 인턴 생활을 한 과 동기를 통해 회사를 알게 되었는데, 통계학도로서 실제 데이터를 이용해 아이디어를 내고, 분석해 그 결과가 쓸모 있게 쓰이게 되는 보람을 느끼며 일할 수 있는 곳이라고 생각했습니다. 교통카드와 카카오페이와 같이 생활에 가장 밀접하게 쓰고 있는 기술을 직접 개발하며 혁신적인 아이디어를 실현시키는데 가장 핵심적인 역할을 하는 LG CNS에서 대량의 데이터를 통해 의미 있는 인사이트를 얻고 혁신을 만들어 가는데 참여하고 싶습니다. 특히 본사가 추진하는 스마트팩토리와 스마트 물류 사업에 관련해 일하고 싶습니다. 이 사업은 디지털 플랫폼을 통해 산업들을 연결해 4차 산업 시대를 이끌 사업이라고 생각합니다. 본사가 보유하고 있는 접근하기 힘든 다양한 산업군의 회사들의 데이터를 이용해 다양한 산업에 도움을 주는 유의미한 분석을 할 것입니다.SW Boot Camp에 참가해 LG CNS의 전문가들 하, JAVA나 C 등 언어를 심도 있게 배워 실제 빅데이터를 가지고 연습할 기회를 얻고 싶습니다. 입사 후에는 데이터 전문가로서의 역량을 키우며 IT 기술을 익혀 스마트 팩토리 분야의 전문가가 되겠습니다."
역량/경험,머신러닝엔지니어 - LG CNS,직무 관련 지식/경험,"""직관을 분석에 반영하다""저는 단순히 정해진 통계분석 틀에 데이터를 가공해 집어넣는 것이 아닌, 논리적으로 설계한 분석 결과에서 의미를 도출하는 과정에 뿌듯함을 느낍니다. 데이터 분석가로서 전문성을 기르기 위해 저는 분석의 예시를 보며, 자료에 접근하고 결과를 해석하는 다양한 방법을 익혀 직접 프로젝트를 진행해보았습니다. 전공 수업에서 여러 모델의 성능을 비교해 랜덤 포레스트 모형으로 서울시 따릉이 수요 예측 모델을 만들고 교수님께 피드백을 받는 등 경험을 쌓았습니다. 지난 학기에는 본교에서 개최한 패널 빅데이터 분석 경진대회에 참가해 프로젝트를 진행했습니다. 115,854명 응답자의 앱과 카드결제 데이터 등을 이용해 그루밍족(뷰티에 관심있는 남성)의 소비패턴이라는 주제로 분석을 시행했습니다. 그 과정에서, 응답자 별로 뷰티에 관심 있는 정도를 나타내는 변수를 생성해야 했습니다. 각 화장품 품목들에 그 빈도수의 역수를 중요도로 부여해 점수화해서 뷰티 관심도를 측정하는 방법을 고안해냈습니다. 트리 모형과 로지스틱 회귀, 연관성 분석을 통해 남성 타겟의 화장품 마케팅 인사이트를 얻을 수 있었고, 우수상을 받는 성과를 이뤘습니다. 새로운 시각으로 데이터를 보고 창의력을 발휘해 분석할 수 있습니다.
""다양한 툴에 도전해 기른 코딩에 대한 자신감""저는 코딩 툴을 다루는 데 열정이 있습니다. 통계분석을 할 때는 물론 기타 활동을 할 때도 R과 SAS 실력을 바탕으로 다른 프로그램을 자발적으로 익혀 접목하곤 했습니다. 금융 학회의 부회장으로서 활동할 당시 파이썬을 이용해 채권 가격을 구하고, 몬테 카를로 시뮬레이션을 돌려보는 등의 세션을 추진해 진행하여 타과 친구들에게 가르쳐주었습니다. 보험회사 인턴을 할 때에는, 업무 대부분에 엑셀을 사용하는 것을 보고 VBA를 스스로 익혀 반복적인 업무를 자동화시켜 업무 시간을 단축하는 성과를 낸 적도 있습니다. 이와 같이, 도전정신을 바탕으로 새로운 실무에 필요한 툴과 컴퓨터 언어를 습득할 역량이 있습니다."
동기/포부,데이터분석 -  네이버웹툰,지원동기,"콘텐츠 산업은 콘텐츠를 소비하는 사람들이 어떤 것을 원하고, 어떤 시점에 이탈하고, 어떻게 충성고객이 되어가는지에 대해 수많은 의문을 제기하고 데이터를 통해 궁금증을 해결해나갈 수 있는 매력적인 분야라고 생각합니다. 
그중에서도 네이버 웹툰은 창작 생태계를 조성하여 신인 작가를 계속해서 발굴하고, 지속적으로 콘텐츠를 생산하고 있습니다. 이는 다양한 웹툰 작가와 소비자층을 끌어들이는 강력한 힘으로 작용하고, 그 결과 다른 웹툰 플랫폼과 비교했을 때 훨씬 다양한 콘텐츠와 많은 이용자를 확보하고 있습니다. 여기서 생성되는 방대한 소비자 행동 데이터는 데이터를 분석하여 인사이트를 도출하기 위한 최고의 환경이라고 생각합니다. 
저는 스타트업 데이터 분석 인턴으로 일하면서 직접 데이터를 추출하여 인사이트를 얻고, 이를 실제 기획에 반영하는데 기여하는 경험을 쌓고 있습니다. 지금까지 대시보드 관리, KPI 설정 및 모니터, 광고 및 캠페인 효율 분석 등의 업무를 수행하였습니다. 서비스와 데이터베이스 구조를 정확히 파악하고 SQL로 데이터를 직접 추출할 수 있으며, 데이터 분석의 목적을 이해하고 타당한 가설을 수립하여 검증하는 능력을 키웠습니다. 저의 경험을 활용하여 보다 많은 소비자들의 행동데이터가 쌓이는 곳에서 좀 더 고도화된 분석 작업에 기여해보고 싶었고, 국내 최대의 웹툰 플랫폼인 네이버웹툰에서 분석 경험을 쌓고 싶어 지원하게 되었습니다. 고객들이 원하는 콘텐츠를 가장 편리하게 찾아볼 수 있는 플랫폼이 될 수 있도록 데이터 분석을 통해 서비스를 개선해가고 싶습니다."
역량/경험,데이터분석 -  네이버웹툰,데이터분석 역량,"저는 실시간으로 발생하는 고객들의 행동 데이터를 분석하여 인사이트를 도출하고, 더 좋은 서비스를 제공할 수 있는 방법을 찾는 Data Analyst가 되고 싶습니다. 저는 다음과 같은 이유로 제가 데이터 분석에 적합한 능력을 갖추고 있다고 생각합니다.  
“데이터에 기반한 가설 수립과 검증 능력” 
 인턴 기간 대시보드를 모니터링하던 중, 7월 말 서비스의 당일 가입률이 하락하였다는 사실을 발견하였습니다. 광고비 지출 증가, 제품의 문제, 시즈널 트렌드 등의 요소가 7월 당일 가입률 하락에 영향을 미쳤을 것이라고 가설을 세운 뒤, 직접 데이터 추출하여 검증하였습니다. 분석 중 웹 진입자 수를 그동안 잘못 인식해왔던 오류를 발견하고, 개발자와 협력하여 원인을 파악한 뒤 부서에 공유하였습니다. 지금까지 웹 진입을 실제보다 적게 인식해서 생긴 오류까지 꼼꼼하게 확인하였습니다. 이렇듯 저는 작은 변화를 그냥 지나치지 않는 호기심과, 이를 실제 액션까지 연결하는데 필요한 소통 능력을 기반으로 실무 경험을 쌓았습니다. 

“데이터 분석 및 지표설정 경험”
  상품 기획 부서와 커뮤니케이션을 통해 대시보드를 재구성하여 관리하였습니다. 상품 특성상 상품이 교체되는 시기에 매출이 비교적 상승하였다가 서서히 감소하는 추세가 있다는 것을 인지하고, 상품 성과를 정확하게 비교할 수 있도록 판매 경과일 기준으로 매출액을 시각화한 차트를 추가하였습니다. 또한 특정 상품의 USP를 정의하기 위한 비교 지표를 설정한 경험이 있습니다. 상품 이용 가능 기간, 만료 시점, 특성을 고려하여 비교 대조군을 선택하고, 직접 데이터베이스에서 데이터를 추출하고 전처리하였습니다. 앱 접속률과 목표점수 달성률을 측정할 수 있는 지표를 만들고 인사이트를 도출하였습니다. 

“데이터 추출 스킬 및 툴 사용경험” 
 sql을 능숙하게 사용하여 원하는 데이터를 추출할 수 있습니다. 인턴 기간동안 직접 sql 쿼리를 작성하여 사내 대시보드 작업, 프로모션 및 제품 성과 분석 등 업무를 수행하였습니다. 또한, 학부 수업에서는 R과 Python 으로 데이터 분석 및 시각화에 필요한 패키지를 익혔습니다. 배운 내용을 활용하여 NBA 연봉 예측 모델 프로젝트를 진행한 적이 있습니다. Naive Bayes, Knn, Decision tree 등 R을 활용하여 직접 모델링 실습을 하면서 데이터를 전처리하고 패키지를 활용하여 모델링하는 방법을 익혔습씁니다. 
  인턴 기간 동안 앱스플라이어, 리대시, 앰플리튜드, 구글 애널리틱스 등 광고데이터와 사용자 행동 데이터를 분석하는 툴을 다양하게 접하였으며, 스스로 문서를 찾아 읽고 워크샵에 참여하여 사용하는 방법과 관련 용어를 익혔습니다. 전반적인 데이터에 대한 이해와 경험을 바탕으로, 새로운 데이터나 툴에 빠르게 적응하는데 강점을 가지고 있습니다."
동기/포부,데이터분석 -  네이버웹툰,콘텐츠 서비스 분석 및 개선 아이디어,"저는 게임 스트리밍 서비스인 ‘트위치’를 자주 시청합니다. 트위치는 스트리머와 시청자들의 활발한 ‘소통’이 가장 큰 장점입니다. 트위치의 실시간 소통 시스템은 시청자들이 앱에 오랫동안 체류하게 만들고, 후원 제도는 더 많은 소비를 하게 유도합니다. 소비자들은 단순히 콘텐츠를 보는 것에서 더 나아가서, 콘텐츠의 일부분이 되는 경험을 할 수 있습니다. 또한 트위치는 스트리머를 구독하는 기능을 통해 시청자들의 충성도를 높이고 각 스트리머만의 커뮤니티를 형성하여 소통 기능을 강화하고 있습니다.
 트위치의 단점은, 시청자들이 다양한 방송을 접할 기회가 별로 없다는 것입니다. 트위치는 사용자의 취향에 따라 다양한 방송을 선택해서 보는 재미를 강조하지만, 사용자는 선택에 어려움을 겪습니다. 이에 시청자들은 자신이 좋아하는 특정 스트리머의 방송만 챙겨보는 경우가 많습니다. 이는 신입 스트리머들의 성장 기회가 적어지고, 결국에는 방송의 다양성이 저하되는 결과로 나타날 수 있습니다. 
  트위치가 성장하기 위해서는 시청자가 주로 이용하는 시간, 소통의 정도, 좋아하는 게임 카테고리 등 데이터를 분석하여, 시청자가 다양한 스트리머의 방송을 접할 수 있는 시스템을 만들어야 합니다. 보고 있던 방송이 종료되면 자동으로 다음 맞춤 콘텐츠로 연결해주는 기능을 만들거나, 내가 주로 보는 스트리머가 휴식하는 기간에 대체 콘텐츠를 추천해주는 등의 방법으로 시청자가 새로운 방송을 찾아다니지 않아도 자연스럽게 접할 기회를 만들 수 있을 것입니다. 
  데이터 분석을 활용하면 시청자들이 플랫폼에서 더 오래 시간을 보내도록 유도하고, 서비스를 성장시킬 수 있습니다. 뿐만 아니라 새로운 스트리머를 발굴할 수 있고, 다양한 콘텐츠가 계속 생산되면서 사용자 수도 증가하는 선순환 구조를 만들어갈 수 있을 것입니다."
역량/경험,데이터분석 -  네이버웹툰,데이터 분석 프로젝트 경험,"저는 교육 콘텐츠를 제공하는 앱 서비스 회사에서 인턴으로 일하고 있습니다. 인턴 기간 신규 유저 이탈을 방지하고 구매 전환율을 높이기 위한 데이터 분석 프로젝트에 참여했던 적이 있습니다. 
저는 캠페인 기획 전 단계에서 sql로 데이터를 추출하여 각 퍼널에서의 이탈율을 정리하는 역할을 수행하였습니다. 전체 구매 비중에서 신규 유저의 구매가 70%정도로 많은 비중을 차지하고 있음에도 불구하고, 현재 93% 상의 신규 가입 유저가 다음달 이탈하고 있었습니다.  이 데이터에 근거하여  매출을 높이기 위해 가장 첫번째로 고려해야 할 타겟이 당월 신규 유입 유저임을 제시하였습니다. 
  회의를 통해  당월 신규 가입자 중 구매이력이 없는 무료유저에 할인 쿠폰을 제공하기로 결정되었습니다. 쿠폰 발급 당일에만 사용 가능한 30,000원 즉시 할인 쿠폰을 앱 푸쉬로 고객들에게 전달하였습니다. 
  저는 데이터를 추출하여 프로모션 결과를 정리하는 리포트를 작성하였습니다. 앱 푸쉬는 평소보다 두배 정도의 클릭율을 보였고, 결제고객 중 25%의 유저가 타임특가 쿠폰을 이용하여 결제한 고객이었습니다. 또한 이전 동일 요일과 비교하였을 때 매출건수가 약 20%정도 상승하였습니다. 이에 근거하여 앞으로 프로모션의 방향성에 대한 결론을 도출하였습니다.  고객에게 쿠폰을 전달할 방법이 한정적이었음에도 불구하고 좋은 효율을 보였으며, 앞으로 좀 더 세분화된 고객 세그먼트에게 구매를 유도하는 할인 프로모션이 필요함을 제시하였습니다. 
  이 프로젝트를 통해 고객의 컨텐츠 이용 현황, 구매 이력, 가입시기 등을 고려하여 다양한 고객 세그먼트를 설정하는 법을 배웠습니다. 또한 각 고객 세그먼트의 앱 이용율을 높이고 구매전환을 유도하는 방법에 대한 인사이트를 얻을 수 있었습니다."
동기/포부,게임사업PM - 넥슨코리아,지원동기 및 성장목표,"넥슨의 대표 게임인 서든어택과 피파온라인은 제 학창 시절의 동반자였습니다. 어릴 적부터 꾸준히 게임을 즐기며 넥슨에 대한 막연한 동경을 품어왔습니다. 이 게임들뿐 아니라 메이플스토리, 던전앤파이터, 카트라이더 등 게임성이 훌륭하고 오랫동안 사랑받을 수 있는 게임을 만드는 회사에서 일하고 싶다는 생각이 강렬하게 들었습니다. 이러한 동경에서 시작해, 넥슨에 입사하여 단순히 유저로서가 아닌 실제 게임 개발 및 서비스에 참여하는 사람이 되고 싶었고 제가 가진 능력과 장점, 무엇보다 게임을 사랑하는 마음으로 기여할 수 있는 바가 많다고 생각해 넥슨에 지원하게 되었습니다.

 사업PM은 커뮤니케이션 역량이 가장 필요한 직무라고 생각합니다. 저는 대학 생활을 하면서 팀 프로젝트에서 조장을 줄곧 맡았으며 제 주도하에 과제가 잘 마무리될 수 있도록 조원 간 커뮤니케이션의 가교 역할을 담당했습니다. 그 결과 항상 좋은 평가를 받아왔습니다. 이러한 저의 커뮤니케이션 능력을 바탕으로 유관부서와의 협업을 잘 해낼 수 있다고 생각합니다.  

'e비즈니스'라는 전공수업에서 '에어 샤워 액세서리'라는 사업을 가상 기획한 경험이 있습니다. 서비스 시나리오와 비즈니스 모델, 그리고 경쟁사 분석을 통한 전략 캔버스를 그리며 기존 마스크를 대체할 수 있는 획기적인 아이템으로 평가받았습니다. 저의 창의성과 그를 뒷받침하는 근거를 바탕으로 수익 창출에 대한 의견을 적극적으로 제안할 수 있다고 생각합니다.

입사 후 유저와 시장의 동향, NRU, 리텐션 등의 게임 산업 지표 분석법을 익히고 이를 실무에 적용할 수 있도록 하겠습니다. 저의 최종 목표는 신규 프로젝트 론칭에 참여해 유저에게 장기간 사랑받을 수 있고 넥슨 사상 최대 수익을 창출하는 것입니다. 또한 사측의 입장과 유저의 니즈를 동시에 충족할 수 있는 안정적인 수익구조를 설계하여 넥슨의 게임들이 롱런할 수 있도록 노력하겠습니다. 유관부서와 긴밀한 소통을 통해 동료뿐 아니라 회사 전체에서도 신뢰받을 수 있는 사업PM이 되도록 최선을 다하겠습니다"
역량/경험,게임사업PM - 넥슨코리아,직무 역량 준비 과정,"[끈질긴 코딩 경험: 분석력과 객관화]

 파이썬과 R을 활용한 코딩 과목을 배운 3학년 2학기에, 한 번도 접하지 않은 분야였으나 교수님과 코딩에 능한 친구들에게 질문을 아끼지 않고 학기 내내 도서관에서 이해가 될 때까지 관련 서적을 빠짐없이 읽었습니다. 회귀분석, 시계열 등의 개념과 R을 접목해 암호화폐가 헤지자산인가의 여부를, 파이썬을 활용한 머신러닝으로 미세먼지·날씨 변수가 주식시장에 미치는 영향을 탐구해 쉬운 글과 그림으로 리포트를 작성했습니다. 집요하게 코딩을 탐구하고 수치 데이터와 논문을 분석하면서 가독성 높은 리포트에 대해 고민해 볼 수 있었습니다. 사업PM은 사업 전반에 대한 철저한 계산과 다각적인 해석이 긴요한 만큼 각종 데이터를 분석하고 객관적인 리포트로 나타내야 한다고 생각합니다. 정확하고 객관적인 리포트를 만들어 현실적이고 체계적인 BM 수립·평가와 개선에 기여하겠습니다.


[전례 없이 몰아친 서류 폭풍: 커뮤니케이션과 기획력]

 OOOOO보증의 보험금 보상 부서에서 일하던 당시 2,000건이라는 전례 없는 양의 서류를 3일 내로 처리해야 했던 적이 있습니다. 쉽게 해낼 수 없다고 대부분의 회사 분들이 말씀하셨지만 새로운 방식에 대해 심사숙고해 본 결과 일일이 찾는 기존의 방식보다 채권번호, 피보험자, 계약자별 데이터를 엑셀시트로 정리하는 방식이 좋겠다는 아이디어가 떠올랐습니다. 타 부서에 직접 찾아가 직원분에게 현재 상황과 제가 떠올린 아이디어를 설명해 도움을 받게 되었습니다. 도움을 주신 분들과 소통한 결과 그 부서에서 고유적으로 사용해온 엑셀시트와 결합해 목표보다 빠르게 처리할 수 있었습니다. 해당 업무 처리에 있어서 제가 가진 커뮤니케이션적인 장점과 기존의 틀을 깨고 새로운 방법을 제시할 수 있는 기획적인 장점이 발휘되었다고 생각합니다. 게임사업PM은 원활한 커뮤니케이션 스킬을 바탕으로 유관부서와의 협업을 해내야 하며 게임 매출 증대를 위해 항상 참신한 방향성을 제시해야한다고 생각하기에 저의 장점이 극대화될 수 있다고 생각합니다."
역량/경험,게임사업PM - 넥슨코리아,"활용 가능한 툴, 외국어, 자격증","[토익 955점&OPIC IH]

 넥슨 게임의 경우 국내뿐만 아닌 글로벌 서비스를 운영하는 게임이 많기에 외국어 능력이 필수적이라고 생각합니다. 저는 평소에도 영어가 실생활, 업무적으로 굉장히 쓰임새가 많은 언어라고 생각했습니다. 제가 가진 영어 실력을 바탕으로 국내 사업뿐 아니라 해외 사업과 관련된 업무를 그 누구보다 원활히 해낼 수 있다고 생각합니다.


[컴퓨터활용능력 1급]

 사업 PM은 특히 숫자의 활용 및 정리가 많이 필요한 직무라고 생각합니다. 저는 대학생활을 할 때에도 전공 특성상 숫자를 다뤄야 할 경우가 비일비재했고 특히 엑셀에 대한 활용 능력 및 전문성을 극대화해야겠다고 생각했습니다. 시인성과 가독성이 높은 지표 분석 및 정리를 누구보다 잘 해낼 수 있다고 생각합니다.


[데이터 분석능력]

 파이썬과 R을 자료를 통해 필요한 데이터를 추출, 시각화할 수 있는 능력을 가지고 있습니다. 방대한 지표 수치를 코딩으로 해석해 비교 분석이 용이한 자료로 도출할 수 있습니다."
역량/경험,블록체인 벡엔드 개발자 -  라인,의미 있는 개발 경험 및 성장,"끊임없는 배움과 다양한 이해를 위해]

기존 프로젝트의 백엔드를 완성한 후, 운영을 위해 새로운 인원들과 기존 프로젝트의 내용을 다시 파악했습니다. 이 때에 기존 제가 공부했던 방식과는 많이 다른 방식을 배우게 되었습니다.

- 연관관계의 제거
기존의 프로젝트는 여러 데이터들이 연결될 때에 FK로 연결하였고 이들을 DB에 매번 연결하여 가져왔습니다. 그리고 변경된 내용에서는 FK를 제거하게 되었습니다. 그 이유는 총 두 가지가 제안되었는데,
1. FK자체가 갖는 성능 저하 이슈 2. 설계 변경에 따라 데이터의 유지보수 간략화이었습니다.

그동안 연관관계를 설정하여 데이터 간의 정합성을 맞추는 것이 매우 중요한 것으로 알고 있었기 때문에 위와 같은 내용을 확인하였을 때에 제안된 내용을 신뢰하지 못했습니다.
또한, 이외에도 FK의 오버헤드가 성능 저하를 유발한다고 하지만 JPA상에서 데이터를 호출할 때에 외래키와 조건을 동시에 사용하면 더 오히려 빠르게 데이터를 가져올 수 있으니 이 방식이 옳다고 생각하여, 이 연관관계 제거를 반박하기 위해 다양한 레퍼런스를 참고하여 공부해 보았습니다.

- 캐싱 서버와 정합성 검증 로직

그리고 여러 글이나 기존 서비스를 참고하여 확인해 보았는데, 다양한 서비스에서 FK를 실제로 쓰지 않는다는 이야기를 듣고 놀랐습니다. 여기에는 Redis와 같은 NoSql을 통한 캐싱이 큰 도움을 주었다고 하는데, 미리 데이터를 저장해 놓고 정합성을 잘 검증하기만 하면 매번 DB와의 통신을 하지 않고도 쌓여 있는 데이터에서 필요한 것을 뽑아 사용할 수 있다고 했습니다. 즉 미리 모든 데이터를 캐싱시켜 두고, 이 데이터들을 상황에 맞추어 쓰기만 하면 되기 때문에 자체적으로도 오버헤드도 있고 최근 IT의 발전에 따라 다양한 DB상의 변화가 이루어 지는데, 이로 인한 데이터의 변경이 생겼을 때에 여러 부분에서 적용이 힘든 FK를 제거할 수 있다는 내용이었습니다. 그동안 알고 있던 내용 외에 다양한 이유로 새로운 페러다임이 제시되었다는 것이 신기했고, 또 재미있는 내용이었어서 이에 관한 공부를 추가로 진행해 보았습니다.

- 실제로 적용하고, 확인해 보며 이 때에 배운 FK제거와 Redis사용을 통한 DB부하 제거는 현재 스터디 중에 있습니다.
그리고 저희의 상황에 맞추어 내용을 조금씩 변경하고 이에 따른 Trade-off를 살펴 보는 중입니다.
예를 들어 캐싱 서버를 따로 두는 것은 예산에서 처리하기 힘들 것이라 생각하여 Spring boot 서버에서 Redis를 붙이거나 FK는 ERD상에서는 적용하고 실제로는 제거하는 등의 부분입니다. 현재는 개발 참여 인원들이 해당 내용에 대해 잘 알지 못하는 상황이라 이전에 내용을 공부한 제가 스터디를 진행하고 있고, 매 주 공부한 내용을 서로 발표하고 토론하고 있습니다. 이를 통해 기존에 제대로 알고 있다고 생각한 것도 금방 바뀔 수 있다는 것을 알았고, 지금보다 더 열심히 공부하고 새로운 것을 익히고 싶다는 생각을 갖게 되었습니다."
역량/경험,블록체인 벡엔드 개발자 -  라인,CS 지식 및 기술적 역량,"다양한 공부를 통해 개발자로서의 기초를 다진 후, 제가 배운 것들을 확인해 보는 동시에 여러 문제를 경험하며 이를 해결해 보기 위해 개인 프로젝트를 진행하였습니다.
Spring boot환경에서 Spring data JPA와 H2 Database, spring security, 그리고 이를 보여주는 프론트 뷰를 구현하여 보았고, AWS상에서 구동시켜 확인해 보았습니다.
개발의 시작부터 끝까지 혼자 진행해 보면서 다양한 문제를 실제로 접할 수 있었고, 이전에 배웠던 내용을 실제로 적용하거나 새로운 기술들 시도해 보면서 조금 더 개발에의 흥미를 가질 수 있었습니다.
또한 단순히 기능의 구현에 초점을 맞추어 개발하는 것 보다는, 최선의 퍼포먼스와 깔끔한 코드 작성을 위해 계속해서 노력해야 한다는 사실을 알 수 있었습니다.  발전을 위하여 이전까지 개발자로서의 지식의 확장과 다양한 경험을 쌓아 올리는 데에 집중하였다면, 이후로는 깊이를 더해나가는 공부를 하고 있습니다. JPA, Spring Data JPA에서의 N+1방지 방법과 영속성 컨텍스의 Dirty checking을 사용한 update 사용 이유, OSVI를 사용한 최적화, 실무에서의 lazy fetch와 fetch join 관련 주의사항 등 기초적이지만 중요한 개념들을 정리하고, 이를 통해 기존 프로젝트를 리팩터링 중에 있습니다. 그리고 제가 가진 지식들이 맞는지 확인하고 더 많은 사람과 협업하여 발전할 수 있는 개발자가 되기 위해  디자이너, FE개발자, BE개발자들과 함께 공통의 목표를 이루어 보았습니다. 현재는 고안한 아이디어를 토대로 새로운 프로젝트를 Spring Boot 기반 백엔드를 통해 진행 중에 있습니다. 해당 프로젝트는 더욱 많은 것을 배우기 위해 Redis를 사용한 캐싱 처리, FK를 사용하지 않는 개발과 그 이유에 관한 공부를 함께 진행 중에 있습니다."
협업/성과,블록체인 벡엔드 개발자 -  라인,협업 및 문제 해결 경험,"백엔드를 넘어 개발자가 되기 위해 2022년 초에 동아리에 들어가며 백엔드 개발자로서 최대한의 배움을 얻기 위해 다양한 노력을 했습니다. 회사를 재직하며 사내에서 진행하던 프로젝트 외에도, 출퇴근 시간을 이용하여 알고리즘 문제를 풀었으며 추가로 동아리에서의 개발을 위해 API개발과 고도화 등을 공부했습니다. 주말에는 토요일 14시부터 17시까지 동아리 정규 미팅을 진행했고, 일요일에는 추가적인 스터디를 진행하였습니다. 이러한 스케쥴을 계획했던 이유는 이전에 배웠던 내용들을 실제로 적용하는 것 외에도 더 많은 것을 배우고 싶었고, 더욱 뛰어난 개발자가 되고 싶었기 때문입니다.
다만 일주일 내내 다양한 스터디를 진행하면서 주변 친구들이나 가족들과 보낼 시간이 줄어들게 된다는 단점이 있었습니다. 또한 API의 운영과 유지보수를 짧은 시간동안 빠르게 적용해야 했기에, 평소에 잠을 줄이며 개발에 몰두하였습니다. 이 때문에 많은 것을 배울 수 있다는 장점이 있었지만, 개인의 삶에서는 힘든 것들이 많았습니다. 다행이도 동아리를 하면서 친해진 분들과 이야기를 나누며 계속해서 공부에의 원동력을 유지할 수 있었고, 끈기를 갖고 든 목표를 달성할 수 있게끔 노력했습니다. 그 덕분에 저희가 진행했프로젝트는 실제 어플리케이션을 출시했으며, 해당 내용을 통해 공부한 것을 바탕으로 백엔드 개발에의 지식을 함양할 수 있었습니다.
이전까지는 하루의 남는 시간을 공부에 사용하였다면, 올해의 상반기의 삶은 모든 삶을 최대한으로 쏟아부었다고 스스로 생각할 수 있을 정도로 공부에 몰두하였고, 덕분에 마음먹었던 것을 이루고 할 수 있다는 자신을 갖게 되었습니다. 동아리에서 겪은 문제점과 해결 방식, 그리고 관련 내용들은 회고와 정리로 남겨두었습니다."
동기/포부,cs 운영지원 어시스턴트 - 카카오페이,지원동기,"주변의 결핍을 파악하고 이를 저의 역량으로 채우는 것, 그리고 이를 통해 누군가에게 보다 나은 경험을 제공하는 것은 저의 가치관이자 동기부여 방식입니다. 기존 금융의 불편함을 기술로 혁신하며, 누구에게나 이로운 금융서비스를 추구하는 카카오페이의 미션에 저의 가치관과 CS 관련 경험이 기여할 수 있을 것이라 확신해 지원했습니다.

누군가에게 효용성 있는 도움을 제공했을 때, 그리고 문제상황의 실질적인 개선을 이루었을 때 자기효능감과 기쁨을 느낍니다. 입시홍보대사 근무 당시 입시현장의 최전선에서 입학상담 업무를 수행하며 수험생과 학부모에게 입시관련 정보와 도움을 제공하고, 보다 원활한 입시절차를 위해 힘썼던 경험은 이러한 CS 마인드의 기반을 갖춰준 계기가 되었습니다. CS 운영기획 또한 사용자와 최접점의 위치에서 업무를 수행합니다. 이들의 목소리를 전달하고 분석하여 사용자에게 최적화된 서비스의 개선과 개발의 방향성을 제시한다는 점에서, 저의 커뮤니케이션 역량과 문제개선 및 해결 능력을 즐겁게 발휘할 수 있는 일이라 판단했습니다. 

카카오페이는 사용자에게 더 나은 가치 제공을 위해 매년 실효성 있는 성장을 이뤄내며 사용자들의 일상 깊숙이 자리잡았습니다. 특히 서류 없이 보험금을 바로 청구할 수 있는 ‘병원비 청구’ 서비스를 더욱 확대하면서 복잡한 청구절차를 터치 몇 번으로 간소화한 사례는 카카오페이가 소비자 경험을 개선하는데 진심임을 느끼기에 충분했습니다. 이는 카카오페이의 일하는 방식인 ‘고민은 사용자로부터’에 충실했기 때문이라고 생각하며, 보다 나은 고객경험과 만족을 위해 존재하는CS 팀의 핵심 키워드일 것입니다. 이러한 원칙을 바탕으로 한 카카오페이에서는 다양한 사용자의 눈높이에서 선제적으로 개선점과 나아가야 할 방향을 파악하는 CS 기획운영 역량을 키울 수 있을 것이라 확신했습니다. 이를 바탕으로 편리함이 곧 이로움인 금융 생태계를 선도하는 카카오페이의 비전에 기여하고 싶습니다."
역량/경험,cs 운영지원 어시스턴트 - 카카오페이,직무역량,"CS 운영 지원 업무를 수행하기 위해서 필요한 역량은 고객의 관점에서 소통할 수 있는 커뮤니케이션 역량과 사용자의 목소리를 반영하여 문제를 해결할 수 있는 능력일 것입니다. 입학처 입시홍보대사 활동과 해외문화홍보원 인턴 경험을 통해 해당 역량을 키웠습니다.
[입학상담을 통해 경험한 고객지향적 커뮤니케이션과 사고]
입학처 입시홍보대사로서 수험생 및 학부모 입학상담과 Q&A 게시판 관리, 원서접수프로그램 오류개선 등의 입학행정업무를 수행했습니다.
주로 수험생과 학부모를 대상으로 한 유선 및 대면 입시상담과 문의응대를 담당하며 수험생, 학부모, 입학사정관 등 입시관계자들 간의 의사소통을 전달했으며, 상대에게 필요한 정보를 정확히 파악하여 이해하기 쉬운 용어로 설명할 수 있는 역량을 쌓았습니다. 수험생과 학부모가 곧 고객인 입학처이기에, 저의 발언과 전달력이 수험생의 입시결과와 학교 이미지에 영향을 미칠 수 있다는 서비스 정신으로 업무에 임했습니다.
‘재외국민특별전형’은 입학전형 중에서도 자격요건과 서류제출이 까다로워 수험생과 학부모들의 문의가 잦았습니다. 따라서 입시요강에 있는 내용을 그대로 읊기보다 수험생과 학부모의 입장에서 이해하기 쉬운 용어로 설명하도록 했으며, 내가 제공하고 싶은 정보가 아닌 수험생이 필요한 정보를 효과적으로 전달하기 위한 상담을 진행했습니다. 그 중에서도 해외에 거주하는 학부모님과 몇 차례에 걸친 유선상담을 한 경험이 있습니다. 문의하신 내용은 입시요강에 이미 나와있는 정보였지만 공식적인 창구를 통해 확신을 얻고자 하신다는 것을 파악하고, 몇 차례의 상담을 걸쳐 자격심사 세부요건과 제출서류, 발급절차 등을 설명했습니다. 전형이 종료된 이후 입학처 공식 메일을 통해 감사의 인사를 전해주셔서 수험생과 입학처의 대변인으로서 뿌듯함을 느낀 순간이었습니다. 수험생과 학부모의 눈높이에 맞춘 커뮤니케이션 경험은 사용자의 관점에서 카카오페이의 서비스와 CS 정책을 보다 효율적으로 전달하고, 설명하는데 활용될 수 있을 것이라 확신합니다.
또한 원서접수기간 직전, 수험생들이 원서를 원활히 접수할 수 있도록 원서접수 프로그램의 오류테스트를 진행했습니다. 수험생의 입장에서 원서접수과정 중 불편한 점이 무엇일지를 중점적으로 파악하고자 했습니다. 각 단계에서 정보를 입력할 때 오류가 나지는 않는지, 누락된 모집전형이나 전공은 없는지, 원서출력에 이상이 없는지 등 여러 경우의 수를 가정하여 모의 원서접수를 진행했습니다. 그 결과 본격적인 접수기간 전까지 약 20개의 오류를 발견하여 프로그램 수정에 기여할 수 있었습니다. 사용자 지향적 사고를 바탕으로 개선점을 선제적으로 파악하고, 꼼꼼한 업무처리 능력을 발휘하겠습니다.
[해외 기자단 운영을 통한 문제해결 및 개선능력]
cs운영을 위해서는 불만과 요구사항을 신속하게 해결하고 문제점이 재발하지 않도록 개선하는 역량이 요구됩니다. 구성원들의 목소리에 귀 기울여 평가기준과 제도를 개선함으로써, 이들의 불만을 감소시킨 경험이 있습니다.
해외문화홍보원 인턴 당시, 스페인어권 명예기자단 운영과 관리를 맡았습니다. 기자단이 작성하는 한국홍보 기사 중 공식 홈페이지에 출판할 우수기사를 선정하여 편집을 담당했는데, 이 과정에서 선정되지 못한 기사 작성자들에게 claim메일을 지속적으로 받았습니다. 자신의 기사가 왜 선정되지 못했는지, 어떤 점을 개선해야 하는지 문의하는 메일이 대부분이었기에 저는 문제상황의 원인을 ‘기사선정 및 평가방식의 객관성 및 투명성 부족’이라 인식했습니다.
이에 따라 시의성, 글의 분량, 창의성이라는 세 가지 객관적 지표를 만들어 1부터 5까지의 점수로 수치화 한 후, 엑셀파일로 정리하는 방식을 제안하여 개선했습니다 이 중 상위 10개 기사를 선정하여 편집했고, 엑셀파일은 명예기자단 커뮤니티 공지사항에 게시했습니다. 이후 claim 메일이 80% 이상 감소했을 뿐 아니라, 기사 선정 과정이 수월해져 명예기자단 담당자와 신뢰관계를 형성하고 좋은 평을 받았습니다. 구성원의 목소리에 귀 기울여 평가방식을 개선함으로써 긍정적 결과를 도출해낸 경험을 바탕으로, 사용자의 목소리를 분석하여 단순한 불만 개선 외에 차별화된 서비스 개발과 마케팅 활동 등에 활용할 수 있도록 지원하겠습니다."
동기/포부,보험 분석 매니저 - 토스인슈어런스,지원동기 ,"<기존의 패러다임을 뒤집고 새로운 관점에서 시작하다.>
아라비아 숫자 중에서 아무것도 나타내지 않는 ‘0’은 어느 방향으로 뒤집어도 0입니다. 하지만 숫자 ‘8’은 다릅니다. 45도 각도로 조금만 비틀어서 표현하면 ‘∞’ 즉, 무한대를 나타냅니다. 기존의 방식에서 조금만 센스를 발휘하면 새로운 방법을 찾아갈 수 있다고 생각합니다. 제가 토스 어플을 사용하고, 토스 인슈어런스를 바라보는 방향성을 나타냅니다.
저에게 토스 인슈어런스는 8을 무한대로 바꿀 수 있는 소중한 장소입니다. 
보험클리닉에서 근무하며 쌓은 고객 서비스 경력과 금융 지식을 바탕으로, 토스 인슈어런스에서 고객의 니즈를 시원하게 파악할 수 있는 보험분석 매니저가 되고 싶습니다.  
 우리나라의 미래 금융 산업은 업종 간 연계 효과가 나고, 고객의 만족을 얻어야 살아남을 수 있습니다.
토스 인슈어런스는 ‘데이터’라는 하나의 키워드 속에 보험업과 결제 시스템, 타 업체와의 활발한 제휴를 통해 금융의 중심으로 자리잡고 있습니다.  
이종 업종 간의 제휴는 일반 금융회사에서는 빠르고 섣불리 시도하기 어렵습니다. 하지만 토스에서는 가능성을 넘어 현실로 다가왔습니다. 
  금융인으로의 첫 시작은 토스 인슈어런스에서 '보험분석 매니저’ 직급으로, 점차 다양한 직군에서 역량을 발휘할 수 있는 모바일 금융전문가가 되고 싶습니다."
역량/경험,보험 분석 매니저 - 토스인슈어런스,보험 분석 매니저로서의 장단점,"저의 장점으로는 대면 업무에 있어 고객이 처음 느끼는 ‘얼굴 인상’은 매우 중요합니다. 하지만 비대면 상담의 경우에는 ‘목소리’가 매우 중요합니다.
상담을 하면서 성우처럼 차분하고 똑부러지는 목소리로 대화를 나눌 수 있습니다. 상대가 듣기 편한 목소리를 내며 안정감을 줄 수 있습니다. 학교 내 입시 홍보 활동과 대외활동을 거치며 대화 화법 역량을 키웠습니다. 타인 앞에서 당당하고 어울리는 성격으로 스스로의 자존감을 높게 평가하고 있습니다.
하지만 단점으로는 성격이 여리고 겁이 많은 편입니다. 고객 대면 상담을 하면서 여러 사람을 만났지만, 기가 세고 드센 성격에 지레 움츠러듭니다. 고객이 무리하고 어려운 부탁을 할 때 난감한 적이 많았고, 거절을 하니 계약 체결이 어려운 상황에 처한 적이 잦았습니다.
고객과 상담 이후, ‘암 보험’이면 암 보험, ‘치매 보험’이면 치매 보험 상품을 권합니다. 하지만, 제가 업무를 하며 돌이켜 본 결과 설계 이후, 고객에게 대략의 보험료만 설명을 드렸지 “딱 이 상품을 선택해야 합니다!”라는 면모를 보이지 못한 것 같습니다.
제기 확신에 차면 강단 있게 밀어붙여야 하지만, 그만 고객에게 선택권을 주고 망설이게 했던 것 같습니다. 그리고 고객은 한 번 돌아가면 다음 번에 또 만나기가 매우 어려웠습니다.
이러한 장점과 단점을 분석해, 보험분석매니저 업무를 수행할 때 단점 위주로 고쳐 나가겠습니다."
협업/성과,보험 분석 매니저 - 토스인슈어런스,가장 열정을 다해 거둔 성과,"<대상보다 값지며, 3수 끝에 이루어낸 장려상 수상>
DGB사회공헌재단에서 주최한 '제3회 2017 DGB 사회공헌 아이디어 공모전'에서 대상보다 값진 장려상을 3회차 도전만에 수상했습니다. DGB대구은행이 실행할 수 있는 사회공헌 아이디어를 발굴하기 위해 여러 가지 방안을 떠올렸고, 지역 내 촘촘하게 이어진 수많은 영업점을 활용할 방안을 기획했습니다. 은행 지점은, 업무 공간 외에도 유휴공간이 넓었는데 이를 활용한 복합문화공간 '북 카페 '조성을 떠올렸습니다. 지점 내 작은 독서 공간을 마련해 서가와 책꽂이를 마련하고, 고객들이 자유롭게 도서를 교환하며 읽을 수 있도록 기획했습니다. 또한 도서와 독서를 통해 고객이 지점에 오랜 시간 머무를 수 있도록 하는 모객 효과를 노렸습니다. 
공모전을 준비하는 동안 대구지역 영업점 25곳을 돌아다니며 사업 실현을 위한 실사에 나섰습니다. 팀원 2명과 함께 발품을 팔고, 아이디어를 기획하며, 조금이나마 실현가능성을 높이기 위해 근거를 찾았습니다. 
이는 재단측에서 좋은 심사를 내리는 기준이 되었고, 결국 대상보다 값진 10등 장려상을 수상할 수 있었습니다. 
이 대회를 통해 3년 가까운 시간 금융기관의 사회공헌에 지속적인 관심을 가지게 되었습니다. 사회공헌의 방안과 추세를 연구하는 성장 과정을 통해, 향후에 회사에서 사회공헌 업무를 수행할 때의 밑거름을 쌓을 수 있었습니다."
역량/경험,보험 분석 매니저 - 토스인슈어런스,금융 관련 경험,"<금융인이 되기 전, 은행을 설립할 뻔한 1년 간의 추억> 
 2017년 대학생 시절 상경계열 학생들과 함께 ‘경제 동아리’ 활동에 참여하며 금융 지식을 익히고, 사회적 경제에 관심을 가졌습니다. ‘금융’과 ‘사회’에 중점을 두며 학문을 익혀 나갔고, 탁상머리에서 공부하는 것을 벗어나 현실에서 실천을 해보고 싶었습니다. 
이중 동남아시아 방글라데시의 ‘그라민 은행’과 이를 본 딴 한양대학교의 ‘키다리 은행’을 모티브로 ‘소액 자조 금융협동조합’ 설립을 꿈꾸었습니다.
대학교 내 교직원과 학생들에게 출자금을 거두어 기본 자본금을 마련하고, 이 자본금을 토대로 학교 내 학생들에게 소액의 생활비 대출 서비스를 시행하는 계획을 세웠습니다. 학생 1인당 30만원 내로 소액 대출을 하고, 향후 기본금리 1%에 자발적으로 추가하는 이자를 더해 자율 상환을 하도록 취지를 일깨웠습니다. 
하지만, 초기 자본금 모금과 학생들의 관심도가 취약했습니다. 당장 한 푼이 아쉬운 학생들 입장에서 자발적으로 자본금을 납부하기 꺼려했고, 아르바이트와 과외 등으로 소액을 마련할 수 있기에 소액 대출의 필요성이 낮았습니다. 
1년 가까운 시간, 두 학기에 걸쳐 사업을 추진하고자 했지만 여러 가지 문제에 발목이 잡혀 결국 포기할 수 밖에 없었습니다. 그리고 4학년이 되어 취업준비를 위해 사업에 신경을 쓰지 못하며 ,끝내 마무리 짓지 못하고 학사 졸업을 했습니다."
협업/성과,보험 분석 매니저 - 토스인슈어런스,조직 발전에 기여한 사례,"<45도 각도 차이, 소통의 벽을 허무는 작은 변화>
 2017년 대구도시공사 주거복지처에서 민원인을 상담하는 업무를 담당했습니다. 민원 상담창구는 전산업무 도중 모니터를 쳐다보는 상태로 민원인과 소통을 하는데, 이들의 얼굴이 모니터에 가려지면서 표정, 몸짓 등의 비언어적 소통이 어려웠습니다. 그래서 원활한 소통과 업무 진행이 어려웠습니다. 하지만 공사 내 모든 창구는 이와 같은 구조였었고, 그 누구도 크게 관심을 두거나 개선하려고 하지 않았습니다. 
 저는 이를 조금이나마 개선하고자 제 자리의 모니터부터 45도 왼쪽으로 기울여, 민원인의 얼굴을 마주한 채 전산 업무를 병행했습니다. 그리고 일정 기간 시범 운영을 거쳐 부처 내 다른 직원들에게도 제안했습니다. 이를 활용해 본 부처장과 직원들은 호평을 했고, 연말 사내 혁신 사례로 공모했습니다. 
 그리고 마침내 제가 관리하는 창구 한자리에서 부서 전체 창구의 모니터를 기울인 상태로 통일시킬 수 있었습니다. 그 결과 상담 창구에서 소통의 효율성이 이전보다 훨씬 향상되었습니다.
 고객에게 서비스를 제공하는 담당자로서 고객 중심의 소통이 기반이 되어야 한다고 생각합니다.
지금보다 더 나은 소통을 위해 고민하고 개선점을 찾아보며 발전할 수 있습니다. 그리고 대구도시공사에서의 근무 경험을 토대로 금융인으로 성장하는데 디딤돌이 되었다고 생각합니다."
역량/경험,생산 모집 분야 - 기아,직무 관련 경험 및 보유 역량,"대학에서 산업공학을 전공하며 획득한 지식과 다양한 프로젝트 경험은 저를 생산관리 분야에 기여할 수 있는 인재로 성장시켰습니다. 특히, 생산 시스템 설계, 품질 관리, 공급망 관리 등의 과목에서 우수한 성적을 거두었으며, 이는 실제 생산 현장의 효율성과 품질 향상에 직접적으로 적용될 수 있는 기반 지식을 제공합니다. 제가 주도한 대학 프로젝트 중 하나에서는 제조 공정의 효율성을 높이기 위한 Lean Manufacturing 기법을 도입했습니다.  이 프로젝트를 통해 낭비를 최소화하고 생산성을 향상시키는 구체적인 방안을 마련했으며, 이 경험은 기아의 생산 현장에서도 낭비를 줄이고, 효율성을 극대화하는데 기여할 수 있습니다."
성장/가치관,생산 모집 분야 - 기아,기아의 가치와 행동 관련 본인의 경험,"기아의 핵심 가치 중 '과감히 한계에 도전합니다'는 제 인생에서 중요한 원동력이 되어준 철학입 니다. 이 가치는 저의 대학원 연구 프로젝트에서 특히 빛을 발했습니다. 저는 신재생 에너지 분야 에서 효율성을 극대화할 수 있는 새로운 소재 개발에 참여했습니다. 이 프로젝트는 기존의 효율 성 한계를 뛰어넘어야 했기 때문에, 저희 팀 앞에는 많은 기술적 도전이 놓여 있었습니다.
프로젝트 초기, 많은 이들이 우리의 목표를 비현실적이라 평가했습니다. 기존의 기술과 방법론 으로는 실현 가능성이 매우 낮다는 의견이 지배적이었습니다. 하지만 저는 이를 기회로 삼아, 전 통적인 연구 방법에서 벗어나 새로운 접근법을 모색하기 시작했습니다. 저희 팀은 다양한 학문 간의 경계를 넘나드는 협력을 시도했고, 이는 곧 물리학, 화학, 재료 공학 간의 융합 연구로 발전 했습니다.
한계에 도전하는 과정에서 저는 실험적인 모델을 설계하여, 실제 실험을 통해 검증하는 책임을 맡았습니다. 수많은 시행착오 끝에, 저희는 전통적인 소재보다 20% 높은 효율을 나타내는 새로 운 소재를 개발하는 데 성공했습니다. 이 성과는 과학계에서 주목을 받았고, 여러 학술지에도 게 재되었습니다.
이 경험은 저에게 '한계에 도전하는 것이 불가능을 가능으로 바꾸는 열쇠'임을 깨닫게 해줬습니 다. 기아 생산관리 분야에서도, 저는 이러한 도전 정신을 바탕으로 생산 효율성과 제품 품질의 새 로운 기준을 설정하는 데 기여하고자 합니다. 기존의 생산 방식과 프로세스에 만족하지 않고, 지 속적으로 혁신을 추구하여 기아의 생산성과 경쟁력을 한 단계 끌어올릴 준비가 되어 있습니다."
역량/경험,웹 개발 - 엔씨소프트,프로젝트/업무 경험,"가장 큰 성장을 이룬 경험은 A 프로젝트에서의 역할이었습니다. A 프로젝트는 우리 팀이 새로운 웹 애플리케이션을 개발하는 것이었습니다. 이 프로젝트에서 제가 맡은 역할은 프론트엔드 개발 자였습니다.
우선, 프로젝트 초기에는 제가 프론트엔드 개발에 대해 경험이 많지 않아서 새로운 기술과 도구 를 익히는 데 많은 어려움을 겪었습니다. 그러나 이를 극복하기 위해 끊임없이 자기계발에 힘쓰 고, 온라인 자료를 찾아보며 스스로 학습하는 노력을 기울였습니다. 특히, 팀원들과의 협업을 통 해 서로의 지식을 공유하고 문제를 해결하는 과정에서 많은 도움을 받았습니다.
또한, 제가 맡은 역할에 대한 책임감을 가지고 최선을 다하는 것이 중요하다고 생각했습니다. 그 래서 저는 프론트엔드 개발 과정에서 자주 회의에 참석하고 피드백을 주고받으며 지속적으로 개 선해 나갔습니다. 특히, 사용자 경험(UX)에 대한 고려와 세심한 디자인이 중요하다고 생각하여 이에 집중하였습니다.
이 과정에서 가장 크게 깨달은 점은 협업의 중요성과 지속적인 자기계발의 필요성입니다. 팀원 들과의 협업을 통해 문제를 해결하고 프로젝트를 완료하는 과정에서 많은 것을 배웠습니다. 또 한, 기술적인 부분 뿐만 아니라 커뮤니케이션 및 리더십 역시 중요하다는 것을 깨달았습니다. 이 러한 경험을 통해 제 자신의 성장과 함께 팀의 성과를 이루는 것이 중요하다는 것을 깨달았습니 다."
역량/경험,웹 개발 - 엔씨소프트,직무 역량,"[게임 개발 역량]
게임 개발 역량에 있어서는 중상의 수준을 가지고 있습니다. 대학 시절에 활동한 게임 개발 동아
리에서 다양한 프로젝트를 경험했습니다. Unity 및 Unreal Engine과 같은 주요 게임 엔진을 다뤄 보고, C# 및 C++과 같은 언어를 사용하여 게임 로직을 개발했습니다. 이러한 경험을 토대로 대 학 축제에서 수상한 작품을 개발하기도 했습니다. 특히, 게임 디자이너 및 아티스트와의 원활한 협업을 통해 프로젝트의 퀄리티를 높였고, 사용자들의 피드백을 반영하여 지속적인 개선을 이루 었습니다.
[커뮤니케이션 역량]
커뮤니케이션 역량은 중상 수준입니다. 프로젝트 팀원들과의 원활한 의사소통 및 협업 경험이 있 습니다. 게임 개발 프로젝트에서는 다양한 역할을 맡은 팀원들과의 조화로운 대화를 통해 프로젝 트 목표를 명확히하고 작업 일정을 조율했습니다. 의견 충돌이 발생할 때마다 즉각적으로 대화하 여 문제를 해결하는 데 기여했습니다. 또한, 문서 작성 및 회의 참석을 통해 팀 전체가 목표를 공 유하고 업무를 진행하는 데 도움을 주었습니다. 초기에는 의사소통 부족으로 인해 일정 지연이 발생한 적이 있었으나, 이를 극복하기 위해 팀원들과 더 자주 소통하고 협업하여 문제를 해결했 습니다"
동기/포부,공정기술 분야 - 삼성디스플레이,지원 동기 및 입사후 이루고자하는것  ,"[디스플레이 제어 및 측정 프로젝트 수행 경험]
나는 전공인 전자공학을 공부하며 다양한 프로젝트를 수행하였다. 이 중에서도 특히 디스플레이 제어 및 측정 관련 프로젝트를 수행하며 디스플레이에 대한 지식과 경험을 쌓았다. 또한 프로젝트를 수행하면서 문 제해결 능력과 협업 능력을 향상시키는 기회를 가졌다. 이러한 경험을 바탕으로 삼성디스플레이에서 공정 기술 직무를 수행하는 데에 큰 도움이 될 것이다.
[기술 리더로 성장하겠습니다]
나는 삼성디스플레이에서 공정기술 직무를 수행하며 다양한 경험을 쌓고, 성장하고 싶습니다. 먼저, 공정 기술 분야에서 전문성을 갖추기 위해 열심히 공부하고 연구하며, 최신 기술과 동향을 파악하고 적용하고 자 합니다. 또한, 회사 내에서 다양한 부서와 협업하며, 문제를 해결하고 지식을 공유하는 활동을 통해 조 직 내에서의 역량을 향상시키고, 회사의 성장과 발전에 기여하고자 한다. 또한, 글로벌 기업인 삼성디스플 레이에서 다양한 문화와 전문성을 갖춘 인재들과 함께 일하며, 세계적인 기술 리더로 성장하고자 한다."
성장/가치관,공정기술 분야 - 삼성디스플레이,본인에게 가장 큰 영향 끼친 사건,"1.대학생활중 유럽 배낭여행을 다녀온 경험 (800자 정도)
[더 넓은 세상을 경험하다.]
등산 및 여행을 많이 다니시는 아버지의 영향을 받아 저에게 있어서도 여행은 삶의 일부분이었습니다. 군 대를 가기 전 친구들과 함께 유럽여행을 가보기로 마음을 먹었습니다. 주변에서도 유럽여행은 대학생 때 경험해 보아야 할 일이라고 적극 추천하였습니다.
여행에 대한 계획을 세워 보았을 때 필요한 것은 크게 2가지라고 생각했습니다. 첫번째는 부족한 영어실력 이었습니다. 이 부분을 해결하기 위해 같이 여행을 가기로 한 친구들과 함께 한학기 전부터 방학동안 영어 회화를 배우기 시작했고, 학기가 시작된 뒤에는 새벽반을 이용하여 꾸준히 준비하였습니다. 그래서 출국하 기 전까지 의사소통 및 어느정도의 어학실력을 갖출 수 있었습니다. 두번째는 막대한 경비였습니다. 그전 부터 저는 과외 및 아르바이트를 통하여 꾸준히 돈을 모으고 있었습니다. 그러던 차에 여행 계획이 구체적 으로 정해지자, 적금통장을 만들어서 계획적으로 경비를 마련할 수 있었습니다.
하지만 친구들이 목표한 적금액을 넣고, 새벽에 영어학원을 다니다 보니 너무 고단함을 서로 느껴 여행 계 획 자체가 백지화가 될 위기에 놓였습니다. 하지만 저는 이 위기상황에서 ‘응고제' 역할을 하면서 각자의 입 장을 들어보고, 초기에 계획했던 취지를 다시 한번 설명하면서 설득하였고, 위기를 넘길 수 있었습니다. 이 경험을 통해 무엇이든지 구체적인 계획, 치밀한 준비, 해내겠다는 열정이 있다면 못할것이 없다는 스스 로에 대한 자신감을 가지게 되었습니다.
2. 성장과정 및 학창시절에 대한 경험 (500자 정도)
[하루를 일찍 시작하는 인재]
부모님께서 아침 일찍 하루를 시작하시는 덕분에 저도 역시 24시간을 효율적으로 사용하는 습관이 몸에 베여 있습니다. 이 덕분에 매일 아침운동을 하거나 새벽에 영어학원을 꾸준히 나갈 수 있었습니다. 이 생활 습관을 토대로 삼아 하루를 가장 먼저 시작하는 인재로 거듭나겠습니다.
[리더이자 멘토로써의 경험]
저는 대학교 3학년때 고교동문모임의 회장을 맡아 1년 동안 고교후배들이 대학교 생활에 잘 적응할 수 있 게 도와주웠고, 어려운 일이 있을 때 고민을 들어주는 멘토 역할을 하였습니다. 이 경험을 통해 제가 느낀 것은 어떤 조직을 이끌어감에 있어서 필요한 것은 남보다 내가먼저 행동을 옮길 줄 알고, 구성원들의 고충 을 알아야 한다는 것이었습니다. 이러한 경험을 토대로 훌륭한 조직원, 리더가 되겠습니다."
역량/경험,공정기술 분야 - 삼성디스플레이,지원한 직무에 본인 전공능력이 적합한 사유,"[공정기술 분야에서의 전공 경험 활용]
저는 대학에서 재료공학과를 전공하면서, 다양한 공정기술 분야에서 경험을 쌓았습니다. 그 중에 서도, 적층 박막 증착 공정에서의 경험이 가장 큽니다. 이 공정에서는 다양한 재료를 조합하여, 얇 은 박막을 만들어내는 공정입니다. 이 공정에서는 재료의 특성과 공정 조건을 섬세하게 조절해야 만 원하는 박막을 만들어낼 수 있습니다.
[문제 해결 능력을 가진 엔지니어]
저는 대학에서 참여한 프로젝트에서, 문제 해결 능력을 발휘한 경험이 있습니다. 그 프로젝트는 높은 인장강도를 지닌 나노섬유를 만들어내는 것이 목표였습니다. 하지만 실험 결과 나온 나노섬 유는 인장강도가 낮았습니다. 이 문제를 해결하기 위해, 저는 재료와 공정 조건을 다양하게 조합 해 실험을 반복하였습니다. 그 결과, 인장강도가 목표치에 도달하는 나노섬유를 만들어내는데 성 공했습니다.
[협업에 최적화된 인재]
저는 대학에서 참여한 동아리 활동을 통해 협업 능력을 키웠습니다. 그 중에서도, 우리 동아리에 서는 다양한 전공의 학생들이 함께 프로젝트를 수행하는 것이 일상적이었습니다. 이 때, 서로 다 른 전공 지식을 공유하고, 팀원들의 역할을 분담하여 원활한 협업을 이루어냈습니다. 이 경험은 삼성디스플레이에서 다양한 직군의 사람들과 협업하면서, 효과적인 의사소통과 팀워크를 발휘 할 수 있다는 것을 보여줍니다."
성장/가치관,은행원 - 신한은행,"주요 성장과정, 차별화된 강점, 보완해야 할 약점 ","제가 가장 큰 성장을 경험한 과정은 대학 시절입니다. 고등학교 시절까지는 학업에 대한 관심이 부족했고 자기주도적인 학습이 어려웠습니다. 그러나 대학에 입학하면서 전공 수업과 병행하여 동아리 활동에 참여 하게 되었습니다. 특히, 금융 동아리에서 금융 지식을 습득하고 실무 경험을 쌓는 과정에서 자신감을 키우 고 책임감을 배웠습니다. 또한, 학업과 병행하여 여러 프로젝트를 수행하면서 문제 해결능력과 협업 능력 을 향상시켰습니다.
저의 차별화된 강점은 문제 해결능력과 책임감입니다. 예를 들어, 대학 동아리에서 금융 모의투자 대회에 서 우수한 성적을 거두기 위해 팀원들과 함께 시장 분석과 투자 전략을 수립하고 운용하였습니다. 이 과정 에서 발생한 어려움들을 극복하면서 문제를 해결하는 능력을 기를 수 있었습니다. 또한, 이 경험을 통해 책 임감을 높이고 팀원들에게 신뢰를 얻을 수 있었습니다.
제가 보완해야 할 약점은 자기관리능력입니다. 때때로 업무와 공부에 집중하지 못하고 산만해지는 경향 이 있습니다. 이를 극복하기 위해 자기계발에 집중하고 시간 관리를 개선하기 위해 자기 계획표를 작성하 고 시간을 효율적으로 활용하는 노력을 기울이고 있습니다."
역량/경험,은행원 - 신한은행,끈기 있게 목표 달성했던 사례/ 탁월한 성과 달성 사례,"저는 대학 시절, 학업과 병행하여 동아리 활동을 하며 한 가지 프로젝트를 통해 탁월한 성과를 이뤘습니 다. 저희 동아리는 지역 사회에 기여하는 사회공헌활동을 주로 수행하고 있었는데, 그 중에서도 가장 큰 도전은 지역 사회의 어린이들을 위한 교육 지원 프로젝트였습니다.
이 프로젝트를 시작할 때 저희는 지역 초등학교에 방문하여 어린이들의 학업 지원 및 교육환경 개선을 위해 노력하기로 결정했습니다. 그러나 시작은 쉽지 않았습니다. 우선적으로 대부분의 학생들이 저희 동아리의 활동에 관심을 갖지 않았고, 지원받는 측에서도 협력을 원치 않는 경우가 많았습니다.
이러한 상황에서 저는 포기하지 않고 끈기 있게 노력하여 프로젝트를 추진하기로 결심했습니다. 우선, 학교 측과의 소통을 통해 접근성을 개선하고, 학생들에게 프로그램의 중요성을 설명하는 시간을 가졌 습니다. 또한, 동아리 내에서는 자원봉사 활동의 중요성을 강조하고, 팀원들과 함께 프로그램을 개선하 고 홍보하는 데 주력했습니다.
이러한 끈기 있는 노력 끝에, 우리의 프로젝트는 성공적으로 마무리되었습니다. 학교 측과의 긍정적인 협력을 통해 프로그램에 참여하는 학생들이 급증하고, 프로그램의 효과도 크게 향상되었습니다. 이를 통해 어린이들의 학업 지원과 교육환경 개선에 일조할 수 있었으며, 이러한 경험을 통해 끈기와 포기하 지 않는 태도의 중요성을 깨달았습니다. 이후의 업무나 프로젝트에서도 동일한 끈기와 열정으로 임하 겠습니다."
협업/성과,은행원 - 신한은행,남다른 시도 경험(성공/실패) → 경험 통해 배운 것,"저는 전 직장에서 새로운 제품 런칭 프로젝트를 맡았을 때 유연한 사고와 창의적인 접근으로 의미 있는 성 과를 거두었습니다. 이 프로젝트는 기존 제품 라인업에 없던 제품을 개발하고 시장에 성공적으로 출시하 는 것이 목표였습니다.
우리 팀은 초기에 여러 아이디어를 모았고, 그 중 하나가 이전에 시장에서 성공적으로 판매된 제품의 특성 을 활용하여 새로운 제품을 개발하는 것이었습니다. 하지만, 이 아이디어는 기존 제품과의 차별성이 부족 하다는 우려가 있었습니다.
이에 저는 유연한 사고를 바탕으로 다른 접근 방식을 모색하기로 했습니다. 제품 개발팀과의 협업을 통해 시장 조사를 심도 있게 수행하고, 소비자들의 니즈와 트렌드를 파악하였습니다. 이를 통해 우리는 고객들 이 원하는 제품 특성을 포함한 새로운 아이디어를 도출했습니다.
그 결과, 새로운 제품은 시장에서 큰 호응을 얻었고, 매출이 크게 증가했습니다. 이 경험을 통해 배운 점은 유연한 사고와 창의성이 성공적인 프로젝트를 이끌어내는데 중요하다는 것입니다. 실패를 두려워하지 않 고 새로운 접근 방식을 모색하며, 팀원들과의 협력을 통해 문제에 대한 해결책을 찾아가는 과정에서 많은 것을 배웠습니다. 이러한 경험을 통해 저는 미래의 도전에 대해 두려워하지 않고 유연하게 대처할 수 있는 역량을 키웠습니다."
동기/포부,은행원 - 신한은행,"지원 동기, 신한은행 내 다양한 직무 중 본인이 전문가로 성장하고자하는 분야","저는 신한은행에 지원한 동기로서 그 독특한 비전과 역동적인 조직문화에 매료되었습니다. 신한 은행은 혁신적인 서비스와 차별화된 금융 솔루션을 통해 고객들에게 가치를 제공하고 있으며, 끊 임없는 변화와 발전을 통해 글로벌 시장에서 경쟁력을 강화하고 있습니다. 이러한 도전적인 환경 에서 뛰어난 인재들과 함께 일하고, 금융산업의 선두주자로서 새로운 가치를 창출하고자 하는 신 한은행의 비전에 공감하였습니다.
또한, 신한은행은 다양한 직무 분야에서 전문가로 성장할 수 있는 기회를 제공합니다. 특히, 디지 털 금융과 데이터 분석 분야에 큰 관심을 갖고 있으며, 이를 통해 고객 경험을 개선하고 비즈니스 성과를 향상시키는 것에 열정을 가지고 있습니다. 금융산업이 급변하는 현대에는 데이터와 기술 의 활용이 더욱 중요해지고 있는데, 이러한 분야에서 전문가로 성장하여 신한은행의 혁신에 기여 하고 싶습니다. 데이터 분석과 디지털 기술을 활용하여 고객들의 Bedding Experience를 높이고, 금융 서비스의 효율성을 향상시키는 일에 열정을 가지고 있습니다.
따라서, 신한은행은 저에게 금융 산업에서의 성장과 발전을 위한 최적의 플랫폼이라고 생각하 며, 디지털 금융과 데이터 분석 분야에서 전문가로서의 경력을 쌓고 싶습니다. 신한은행과 함께 미래를 준비하고, 금융산업의 변화에 선도적으로 대응하여 함께 성장하고 싶습니다."
역량/경험,엔지니어링 - 포스코,"해당 직무 역량 향상을 위해 어떤 노력, 준비를 했는지","포스코의 해당 직무 역량 향상을 위해 준비한 내용은 다음과 같습니다. 전기공학 전공으로써 전 력시스템 및 전기제어 분야에 대한 교육을 받았고, 대학에서 전력 전자 및 전력 시스템 분야의 수 업을 수강했습니다.
졸업 후에는 전기공학 분야의 엔지니어로 일하면서 전력시스템 설계 및 유지보수 경험을 쌓았습 니다. 또한, 관련 서적과 논문을 읽고 온라인 강의 및 세미나에 참여하여 최신 기술과 트렌드를 습 득했습니다. 이를 통해 전력 관련 산업 동향과 최신 기술을 파악하고, 역량을 강화했습니다.
또한, 전력 관련 프로젝트에 참여하여 문제 해결 능력을 향상시켰습니다. 자발적으로 프로젝트 에 참여하면서 전력 시스템 안전성을 향상시키기 위한 새로운 안전 기준을 도출하고 적용하는 경 험을 쌓았습니다.
추가적으로, 관련 산업에서 활발한 활동을 통해 업계 내에서의 최신 정보와 트렌드를 파악하고, 전문가들과의 네트워크를 구축했습니다. 이를 통해 업계의 다양한 의견과 경험을 공유하고 적용 하여 역량을 향상시키고자 합니다. 이러한 노력과 준비를 통해 포스코에서의 직무를 수행하는 데 필요한 역량을 갖추고, 회사의 발전에 기여하고자 합니다."
역량/경험,엔지니어링 - 포스코 ,"희망하는 직무를 수행함에 있어서 요구되는 역량을 갖추기 위해 어떠한 학습 또는 도전적인 경험을 하였고, 입사 후 이를 어떻게 발전시켜 나갈 것인지","포스코에서의 엔지니어링 직무를 희망하는 이유는 저의 전공과 관련된 지식과 경험을 활용하여 산업 분야에서 기여하고 싶기 때문입니다. 대학 시절에는 재료공학을 전공하면서 포스코의 철강 제조 과정 과 관련된 핵심 이론과 기술을 학습했습니다. 또한, 전기공학과 관련된 전력 전자 및 전력 시스템 분야 의 강의를 수강하여 기본적인 전력 관련 지식을 습득했습니다.
학업을 통해 이론적인 지식을 쌓는 것뿐만 아니라, 실무적인 경험 또한 중요하다고 생각했습니다. 대 학 시절에는 학부 연구생으로 참여하여 포스코의 철강 제조 공정 중 발생하는 문제에 대한 해결책을 모 색하는 연구에 참여했습니다. 이를 통해 현장에서 발생할 수 있는 문제에 대한 분석과 해결 능력을 키우 고자 노력했습니다. 또한, 산업체와의 산학 협력 프로젝트를 통해 현장 경험을 쌓고 문제 해결 능력을 향상시켰습니다.
입사 후에는 이러한 학습과 경험을 바탕으로 포스코의 엔지니어링 팀에서 현장 경험을 토대로 문제를 해결하고, 새로운 기술을 개발하는 데 적극적으로 참여하겠습니다. 또한, 업계 동향을 파악하고 최신 기 술을 학습하여, 효율적이고 혁신적인 방법으로 업무를 수행하겠습니다. 이를 통해 포스코의 엔지니어 링 역량을 강화하고, 회사의 발전에 기여할 것입니다. "
협업/성과,엔지니어링 - 포스코,"존중과 배려의 마인드로 타인에게 도움을 주었거나, 타인과의 협업을 통해 갈등 상황을 극복한 경험 ","[멘토링 경험을 통해 팀워크와 협업에 대해 배우다]
학습 멘토링 지도 경험을 통해 제가 가장 중요하게 생각하는 것은 팀워크와 협업입니다. 함께 일 하는 동료들과의 원활한 소통과 협력을 통해 목표를 달성하는 것이 가장 큰 가치라고 생각합니 다. 예를 들어, 학습 멘토링에서는 학생들의 학습 목표를 달성하기 위해 팀으로 구성하여 문제를 해결하도록 유도하였습니다. 이 과정에서, 각자의 역할과 책임을 분담하고, 서로의 의견을 존중 하며 토의하는 것이 중요했습니다. 또한, 각자의 역량을 파악하여 역할을 배분하고, 서로의 역량 을 보완하여 목표를 달성하는 데 기여하였습니다.
팀워크와 협업은 서로 다른 개념이지만, 서로 연관되어 있습니다. 팀워크를 통해 협업을 이루는 것이 중요하다고 생각합니다. 예를 들어, 학습 멘토링에서는 학생들의 수업 이해도를 높이기 위 해 동료 멘토들과 함께 프로그램을 개발하였습니다. 이때, 각자의 전문성을 바탕으로 서로의 의 견을 수렴하고, 최종적으로 효율적이고 유용한 프로그램을 개발할 수 있었습니다. 또한, 프로그 램을 개발하는 과정에서는 서로의 역할과 책임을 분명하게 정하고, 일정을 지켜가며 협업하여 목 표를 달성하였습니다.
팀워크와 협업은 경험을 통해 발전할 수 있는 역량입니다. 학습 멘토링에서는 매 학기마다 다른 학생들과 함께 일하면서, 새로운 문제를 해결하고, 서로의 역량을 보완하는 과정에서 많은 것을 배웠습니다. 이를 통해, 팀워크와 협업을 위한 기본적인 능력뿐만 아니라, 문제 해결 능력과 의사 소통 능력 등 다양한 역량을 향상시킬 수 있었습니다."
기업/아이디어,엔지니어링 - 포스코 ,최근 국내외 이슈 중 한가지를 선택하여 본인의 견해를 서술,"4차 산업혁명은 현대 사회를 지속적으로 변화시키고 있습니다. 디지털 기술의 급격한 발전과 융 합은 기존의 경제와 산업 구조를 재편하고, 새로운 비즈니스 모델을 만들어내고 있습니다.
먼저, 기술의 발전은 생산성을 향상시키고 새로운 일자리를 창출할 수 있는 기회를 제공합니다. 자동화와 인공 지능이 업무의 일부를 대체함으로써, 인간은 더 복잡하고 창의적인 작업에 집중 할 수 있게 됩니다. 이는 차세대 기술의 적절한 활용에 의해 미래 일자리에 대한 긍정적인 전망을 제시합니다.
하지만 동시에, 디지털 격차와 일자리의 불안정성 등의 부정적인 영향도 염두에 두어야 합니다. 이러한 변화는 일부 산업과 직종에 대한 도전과 변혁을 초래할 수 있습니다. 따라서 교육체계의 혁신과 일자리 시장의 대응 능력 강화가 중요합니다.
4차 산업혁명은 또한 기업의 경쟁력을 증진시키고 새로운 비즈니스 기회를 창출합니다. 클라우 드 컴퓨팅, 빅데이터 분석, 사물 인터넷은 기업들이 데이터를 통해 소비자의 요구를 더 잘 이해하 고 맞춤형 제품과 서비스를 제공할 수 있게 해줍니다.
마지막으로, 4차 산업혁명은 지속 가능한 발전에 대한 도전과 기회를 제시합니다. 스마트 시티, 에너지 효율성, 환경 모니터링을 통한 지속 가능한 기술의 도입은 환경 보전과 경제적 성장을 조 화시킬 수 있는 가능성을 열어놓고 있습니다.
요컨대, 4차 산업혁명은 다양한 기회와 동시에 다양한 도전을 제시하고 있습니다. 이러한 변화에 유연하게 대응하고 지속 가능한 방향으로 나아가기 위해서는 긍정적인 측면을 활용하면서, 부정 적인 영향을 극소화할 수 있는 전략적인 대응이 필요합니다."
동기/포부,공정 개발 분야 - LG 디스플레이,회사 및 직무에 지원한 동기,"저는 LG 디스플레이의 공정개발 직무에 지원하게 된 이유는, 국내 최고 수준의 기술력과 글로벌 시장에서 경쟁력 있는 제품을 출시하는 기업이기 때문입니다. 또한, 제가 가지고 있는 연구 능력과 문제 해결 능력 을 바탕으로 LG 디스플레이에서 고객 만족도를 높이는 일에 도전하고 싶기 때문입니다.
[공정 설계 프로젝트 수행 경험]
저는 대학에서 전기공학을 전공하면서 00 연구실에서 공정 개발 프로젝트를 수행하였습니다. 이 과정에 서 제가 맡은 역할은 공정 설계와 실험을 통한 최적화였습니다. 이를 위해 제가 수행한 작업은 다음과 같습 니다.
첫째, 공정 설계를 위해 설비 구성과 공정 변수를 분석하였습니다. 이를 바탕으로 실험 계획을 수립하였습 니다. 둘째, 실험을 수행하면서 발생하는 문제를 해결하기 위해 문제 분석과 실험 결과 해석을 수행하였습 니다. 셋째, 실험 결과를 바탕으로 공정 변수를 최적화하고, 이를 바탕으로 공정 개선을 제안하였습니다.
[문제해결능력과 사고능력을 가진 엔지니어]
이러한 경험을 통해 제가 가지고 있는 문제 해결 능력과 창의적 사고력을 발휘할 수 있을 것이라 생각합니 다. 또한, LG 디스플레이에서는 글로벌 시장에서 경쟁력 있는 제품을 출시하기 위해 지속적인 기술 개발 과 혁신을 추구하고 있습니다. 이러한 환경에서 저는 제가 가진 기술 역량을 발휘하면서 끊임없이 발전하 는 일에 도전하고 싶습니다.
저는 LG 디스플레이에서의 경험을 통해 제가 가진 역량을 발휘할 수 있을 뿐 아니라, 글로벌 시장에서 경 쟁력 있는 제품을 출시하는 일에 기여할 수 있다고 생각합니다. 또한, 다양한 교육과제도를 통해 직원들의 성장을 지원하고 있습니다. 이러한 기회를 통해 저는 제 역량을 향상시키고, 회사의 성장에 기여하고자 합니다."
역량/경험,연구 개발 - LG 디스플레이,도전적인 목표를 정하고 열정적으로 일을 추진했던 경험을 구체적으로 기술,"<제품 개발 프로젝트 수행 경험>
전공관련 프로젝트를 수행하기 위해 팀원들과 함께 목표를 설정하고 계획을 수립했습니다. 목표 는 기존 연구에 없는 새로운 아이디어를 도출하고 기존 연구에 비해 우수한 성능을 가진 제품을 개발하는 것이었습니다. 이를 위해 연구의 주제를 선정하고 연구 방법을 구체화하여 계획서를 작 성하였습니다.
프로젝트 수행 도중 예상치 못한 문제가 발생했습니다. 초기 계획대로 진행할 수 없게 되자, 팀원 들과 함께 문제를 해결하기 위한 노력을 집중했습니다. 문제를 해결하기 위해 각자의 역할을 분 담하고 협업하여 문제를 해결했습니다. 이 과정에서 서로의 아이디어를 공유하고 피드백을 주고 받으며 더 나은 해결책을 도출했습니다.
노력과 협업 끝에 우리 팀은 새로운 아이디어를 도출하고 기존 연구에 비해 우수한 성능을 가진 제품을 개발해냈습니다. 이를 통해 우리 팀은 학과 내에서 우수한 성과를 달성하였으며, 이를 통 해 제가 가진 전공 지식과 문제 해결 능력을 한 단계 더 성장할 수 있었습니다.
이처럼, 전공관련 프로젝트를 수행하며 목표의 설정과 계획 수립, 노력의 집중과 협업, 성과의 달 성과 성장의 경험을 얻었습니다. 이러한 경험을 바탕으로 회사의 연구개발 직무에서도 새로운 도 전에 끈질기게 도전하고 성취하기 위해 노력하겠습니다."
역량/경험,공정 개발 - LG 디스플레이,지원 직무 및 디스플레이 관련된 이력,"[시뮬레이션 수행 경험]
저는 디스플레이 관련 시뮬레이션을 수행한 경험이 있습니다. 이를 통해 디스플레이 제조 공정에서 발생하 는 다양한 변수들을 분석하고, 최적화된 공정 개발에 대한 지식을 습득했습니다. 이러한 경험을 바탕으로 LG 디스플레이에서 공정개발 업무를 수행하면서, 최적화된 공정 개발 방법론을 적용하여 효율적인 프로 세스를 구축할 수 있을 것입니다.
[디스플레이에 관련 기초 지식 풍부]
또한, 제 전공인 전자공학과를 바탕으로 디스플레이 제조에 필요한 다양한 지식을 보유하고 있습니다. 대 학교에서는 전자공학과 관련 수업을 수강하면서 전반적인 전자기학 이론을 습득했으며, 이를 바탕으로 디 스플레이 제조에 필요한 전자기학적인 이해를 갖추고 있습니다. 또한, 이전에 근무한 회사에서는 디스플레 이 제조 공정에서의 경력을 쌓았습니다. 이를 통해 디스플레이 제조에 대한 전반적인 이해와 함께, 고객 요 구사항에 부합하는 제품을 생산하는 데에 필요한 노하우를 습득했습니다.
[창의적인 문제 해결 능력을 갖춘 엔지니어]
저는 디스플레이 제조 과정에서 발생하는 문제를 창의적으로 해결하는 능력을 갖추고 있습니다. 과거에는 대학교에서 과제로 주어진 문제를 해결하는 데에 창의적인 방법을 적용하여, 좋은 성적을 얻었습니다. 또 한, 이전 회사에서는 디스플레이 제조 과정에서 발생하는 문제를 빠르게 파악하고, 문제를 해결하는 데에 적극적으로 참여하여, 생산성 향상에 기여했습니다. 이러한 창의적인 문제 해결 능력을 바탕으로 LG 디스 플레이에서도 고객 요구사항에 부합하는 제품 생산을 위해, 다양한 문제를 빠르게 파악하고, 창의적인 해 결 방법을 제시할 수 있을 것입니다."
역량/경험,국내 영업 분야 - 롯데 바이오로직스,"본인이 어떠한 사람인지 표현하고, 왜 본인이 롯데 바이오로직스에 적합한 인재라고 생각하는지 ","[공모전 참가 경험]
저는 대학 시절 OO 마케팅 공모전 대회에 참가하여 우수한 성적을 거두었습니다. 이를 통해 마케 팅 전략을 기획하고 실행하는 능력을 길렀으며, 팀원과의 협업 능력도 향상시켰습니다. 또한, 군 복무를 통해 리더십과 문제해결 능력을 강화하였습니다. 이를 바탕으로 롯데 바이오로직스에서 는 고객과의 원활한 커뮤니케이션과 문제를 해결하는 역량을 발휘할 수 있을 것입니다.
[회사의 비전과 미래를 같이 공유하고자 합니다]
롯데 바이오로직스는 혁신적인 제약 연구와 경영 전략으로 글로벌 기업으로 성장하는 중요한 시 기입니다. 저는 롯데 바이오로직스의 비전과 미래에 대한 열정을 공유하며, 이에 대한 경험과 역 량을 바탕으로 기여할 수 있습니다. 또한, 제약 분야에 대한 지식과 이해도를 갖추고 있으며, 새로 운 기술과 동향을 학습하고 이를 바탕으로 빠르게 대처할 수 있는 능력을 갖추고 있습니다. 이러 한 역량과 함께 롯데 바이오로직스와 함께 성장하고 발전하는 인재가 되겠습니다.
저의 경험과 역량, 롯데 바이오로직스와의 적합성을 고려하여, 국내영업 분야에서 롯데 바이오로 직스와 함께 일하고 싶다는 열정으로 지원하게 되었습니다. 롯데 바이오로직스에서는 제 안에서 잠재되어 있는 능력과 역량을 발휘할 수 있는 기회를 제공해주시면, 최선을 다해 기여하겠습니 다. 감사합니다."
협업/성과,마켓팅 - 롯데 바이오로직스,도전적인 목표를 성취하기 위해 노력한 사례,"[광고 공모전에서 금상 수상한 경험]
저는 광고 공모전에서 금상을 수상하며, 높은 수준의 목표 달성 경험을 하였습니다. 이 공모전은 SK텔레콤에서 주최한 것으로, 마케팅 업무와 밀접한 관련이 있어 제 직무 지원에 큰 도움이 될 것입니다. 공모전 참가 당시, 저는 공모전 주제와 관련된 제품을 기획하고, 타겟 대상을 분석하여 효과적인 마케팅 전략을 세우는 것을 목표로 하였습니다. 이를 위해 제가 수집한 데이터와 정보 를 바탕으로 창의적인 아이디어를 도출하고, 이를 효과적으로 구현하기 위해 노력하였습니다.
[영어회화 향상을 달성하다]
또한, 저는 끈질긴 노력을 통해 목표를 달성한 경험이 있습니다. 이전에는 영어회화를 목표로 하 였는데, 처음에는 어려움을 겪었습니다. 하지만, 저는 포기하지 않고 꾸준히 공부하며, 영어 원서 를 읽고 영어 드라마를 보는 등 다양한 방법으로 노력하였습니다. 이러한 노력 끝에, 저는 영어회 화 능력이 크게 향상되었고, 영어로 대화하는 것이 두렵지 않게 되었습니다. 이러한 경험은 제가 어떤 일이든 끈질기게 노력하여 목표를 달성할 수 있다는 자신감을 가지게 하였습니다.
[건강한 식습관을 일상화 하다]
마지막으로, 남다른 시도를 통해 목표를 달성한 경험이 있습니다. 이전에는 건강한 식습관을 유 지하고 싶었는데, 단순히 운동을 하거나 식이요법을 따르는 것만으로는 만족스러운 결과를 얻지 못했습니다. 이에 저는 건강한 식습관을 유지하기 위해 재밌는 요리를 배우기로 하였습니다. 이 를 위해 다양한 요리 교육을 듣고, 요리책을 구입하여 집에서 직접 요리를 해보았습니다. 이러한 노력 끝에, 제가 만든 요리는 맛 뿐만 아니라 건강에도 이롭게 작용하였습니다. 이러한 경험은 저 의 창의성과 독창성을 키우는 데 큰 도움이 되었으며, 제가 어떤 일이든 새로운 시도를 하는 것이 중요하다는 것을 깨닫게 하였습니다."
동기/포부,바이오의약품 연구개발 - 셀트리온 ,지원동기,"셀트리온에 지원하게 된 동기는 제가 가진 생명공학 분야의 지식과 열정을 세계적인 바이오 의약 품 개발과 생산에 기여할 수 있는 기회로 보기 때문입니다. 셀트리온은 바이오의약품의 연구, 개 발, 제조 분야에서 혁신적인 성과를 이루어내며 글로벌 시장에서 인정받고 있는 선도 기업입니 다. 이러한 점은 제가 지향하는 경력 목표와 일치하며, 셀트리온에서의 경험은 제가 추구하는 전 문성을 한층 더 발전시킬 수 있는 중요한 발판이 될 것이라고 확신합니다.
제가 셀트리온에 크게 관심을 가지게 된 계기는 바이오시밀러 개발에 대한 회사의 야심찬 접근 방식과 성공적인 시장 진입 전략입니다. 특히, 셀트리온이 개발한 바이오시밀러 제품들이 국제적 으로 인정받으며, 전 세계 환자들에게 더 저렴하고 효과적인 치료 옵션을 제공하는 모습을 보며, 저 또한 이러한 의미 있는 일에 기여하고 싶다는 강한 동기를 느꼈습니다.
또한, 셀트리온의 연구개발에 대한 지속적인 투자와 혁신적인 기업 문화는 제가 업무를 통해 지 속적으로 성장하고, 다양한 도전을 경험할 수 있는 환경을 제공한다고 생각합니다. 이는 제 개인 적인 발전뿐만 아니라, 제가 가진 역량을 회사의 발전과 업계 내 혁신에 기여하는 데 활용하고 싶 은 저의 열망과도 부합합니다.
셀트리온에서의 경험을 통해 저는 바이오의약품 연구개발의 전문가로서 뿐만 아니라, 글로벌 시 장을 이해하고 이끌어갈 수 있는 리더로 성장하고자 합니다. 이를 위해, 저는 셀트리온이 제시하 는 고도의 전문성과 혁신적인 업무 환경에 적극적으로 기여하고, 회사의 미래 성장에 중추적인 역할을 하고 싶습니다."
역량/경험,바이오의약품 연구개발 - 셀트리온,가장 관심 있게 들었던 전공과목과 해당 과목에서의 본인 장점  ,"셀트리온에 지원하게 된 배경은 제가 대학에서 가장 관심 있게 들었던 전공과목인 '생명공학'과 직접적으로 연결되기 때문입니다. 이 과목을 통해 생명공학의 기본 개념뿐만 아니라, 현대 의학 과 제약 산업에서 바이오 기술이 어떻게 적용되어 인류의 삶을 개선하는지에 대해 깊이 있게 학 습할 수 있었습니다. 특히, 단백질 공학, 유전자 재조합 기술, 세포 배양 기술 등 바이오의약품 개 발에 필수적인 기술들을 이해하고, 실제 사례 연구를 통해 이론과 실제가 어떻게 접목되는지를 경험한 것은 저에게 큰 자극이 되었습니다.
해당 과목에서 제가 보여준 가장 큰 장점은 문제 해결 능력과 팀워크입니다. 과제 수행이나 프로 젝트 작업에서 저는 종종 팀 리더 역할을 맡았고, 다양한 배경을 가진 팀원들과 의견을 조율하며 공통 목표를 향해 나아갔습니다. 특히, 복잡한 과학적 문제를 단순화시켜 팀원들에게 명확하게 설명하고, 모두가 이해할 수 있는 해결책을 제시하는 데 강점을 보였습니다. 이러한 경험은 셀트 리온이 추구하는 팀 기반의 프로젝트 작업 환경에서도 큰 자산이 될 것입니다.
셀트리온에서 제가 기대하는 바는 제 전공 지식과 문제 해결 능력을 바탕으로 바이오의약품 개발 에 기여하며, 더 나아가 글로벌 시장에서 셀트리온 제품의 경쟁력을 높이는 데 일조하는 것입니 다. 제가 전공에서 배운 지식과 팀워크 능력을 셀트리온이라는 더 넓은 무대에서 발휘하여 회사 의 성장과 함께 개인적으로도 성장해 나가고 싶습니다."
역량/경험,바이오의약품 연구개발 - 셀트리온,희망 직무를 수행하기 위해 준비한 것과 직무와 관련된 본인 역량 ,"셀트리온에서 제가 희망하는 직무는 바이오의약품 연구개발입니다. 이 직무를 수행하기 위해 저 는 대학교 재학 기간 동안 관련 전공 과목을 적극적으로 이수하고, 다양한 연구 프로젝트에 참여 하여 실질적인 경험을 쌓아왔습니다. 특히, 생명공학과 유전공학 분야의 과목들을 중점적으로 학 습하며, 바이오의약품 개발 과정에서 필요한 기초 지식과 기술을 습득했습니다. 이를 통해 세포 배양, 유전자 클로닝, 단백질 정제 등의 기술적 능력을 갖추게 되었습니다.
또한, 대학 연구실에서 진행한 인턴십은 제가 직무와 관련된 실제 업무 경험을 쌓는 데 큰 도움이 되었습니다. 연구실에서는 암 세포에 대한 바이오마커 연구 프로젝트에 참여했으며, 이 과정에 서 실험 설계, 데이터 분석, 결과 보고서 작성 등의 과정을 직접 경험했습니다. 이러한 경험은 연 구 개발 프로젝트를 관리하고, 효과적으로 소통하는 능력을 키웠습니다.
셀트리온에서의 직무 수행에 있어 제가 갖춘 가장 큰 역량은 문제 해결 능력과 혁신적 사고입니 다. 연구 과정에서 예상치 못한 문제가 발생했을 때, 기존의 방식에 얽매이지 않고 새로운 해결책 을 모색하는 데 주저하지 않았습니다. 이는 연구개발 분야에서 새로운 아이디어를 제안하고, 실 험적 접근을 시도하는 데 필수적인 자세입니다.
이러한 학문적 배경과 실질적인 경험, 그리고 문제 해결을 위한 적극적인 태도는 셀트리온에서 바이오의약품 연구개발 직무를 수행함에 있어 제가 기여할 수 있는 중요한 역량입니다. 셀트리온 의 연구개발 팀의 일원으로서, 제 지식과 역량을 활용하여 회사의 목표 달성과 바이오산업의 발 전에 기여하고자 합니다."
역량/경험,건설 프로젝트 관리 - 현대건설,해당 직무에 본인이 적합하다고 판단하는 사유,"저는 현대건설의 건설 프로젝트 관리 직무에 지원하며, 제 교육 배경과 실무 경험, 그리고 개인적 역량이 이 직무에 매우 적합하다고 생각합니다. 건축공학을 전공하면서 건설 프로젝트 관리에 필요한 깊은 이론 적 지식을 습득했고, PMP 자격증을 취득하여 프로젝트 관리의 국제적 기준과 방법론에 대한 이해를 더욱 심화시켰습니다.
대학 재학 중과 졸업 후에는 여러 건설 프로젝트에서 인턴과 프로젝트 조정자로 근무하며, 실제 건설 현장 의 다양한 문제를 해결하고, 프로젝트의 일정과 예산을 관리하는 중요한 역할을 맡았습니다. 특히, 한 대 형 주거 복합 프로젝트에서 예산 초과 위험을 성공적으로 관리해 프로젝트를 기한 내에 마무리하는 데 기 여한 경험은 저에게 매우 의미 있습니다.
이러한 경험들은 저에게 강력한 팀워크를 구축하고, 프로젝트 이해관계자들과 효과적으로 소통할 수 있는 능력을 길렀습니다. 프로젝트 중 발생하는 예기치 않은 문제에 창의적이고 실용적인 해결책을 제시하는 능 력을 발휘하여, 프로젝트 성공에 기여할 수 있었습니다.
이처럼 제 교육 배경, 실무 경험, 그리고 문제 해결 능력은 현대건설의 건설 프로젝트 관리 직무를 수행하 기에 적합합니다. 저는 이를 바탕으로 현대건설에서 프로젝트의 성공적인 수행을 위해 기여하고 싶습니다."
성장/가치관,건설 프로젝트 관리 - 현대건설,성장 계기가 되었던 주요한 이벤트를 3가지 이내로 선정하고 해당 사건이 본인에게 어떠한 영향을 주었는지 ,"대학교 2학년 때, 봉사활동으로 네팔의 한 마을에서 교육 환경 개선 프로젝트에 참여한 경험은 제 인생에 큰 전환점이 되었습니다. 자원이 부족한 환경에서도 교육에 대한 강한 열망을 가진 아이들을 보며, 저는 소 외된 이들에게 실질적인 도움을 주기 위해 노력해야겠다고 결심했습니다. 이 경험은 저에게 사회적 책임 과 글로벌 시민의식을 심어주었고, 이후 제가 추구하는 가치와 진로에 깊은 영향을 미쳤습니다.
대학교 3학년 때는 학생회장을 맡아 대규모 행사를 주최한 경험이 있습니다. 처음으로 맡은 리더십 역할에 서 예산 관리, 팀워크 조율, 이해관계자와의 협상 등 다양한 도전에 직면했습니다. 이 과정에서 문제 해결 능력과 조직력이 크게 향상되었으며, 어려움 속에서도 목표를 달성하기 위한 인내력과 리더로서의 자신감 을 얻었습니다.
마지막으로 졸업 후 첫 직장에서 프로젝트 실패를 경험한 일은 제게 큰 교훈이 되었습니다. 당시 프로젝트 의 실패는 초기 단계에서의 불충분한 시장 조사와 팀 간 의사소통 부족이 원인이었습니다. 이 실패를 통해 계획의 중요성과 팀 내 소통의 가치를 깨달았으며, 이후 프로젝트 관리와 팀워크 스킬을 개선하기 위해 노 력했습니다.
이 세 가지 이벤트는 제 자신을 성찰하고 개인적, 직업적 성장을 이루는 데 결정적인 역할을 했습니다. 봉 사활동은 저에게 깊은 사회적 책임감을, 학생회장 경험은 리더십과 팀워크의 중요성을, 직장에서의 실패 는 계획과 소통의 가치를 깨우쳐 주었습니다. 이러한 경험들은 제가 더 나은 개인으로 성장하는 데 필수적 이었습니다."
동기/포부,소프트웨어 개발 - 한화시스템,지원동기 ,"한화시스템은 국내외 다양한 분야에서 다양한 사업을 펼치고 있으며, 첨단 기술과 혁신적인 아 이디어를 통해 글로벌 시장에서 선도하는 기업 중 하나입니다. 저는 귀사가 가진 기술력과 혁신 정신에 큰 관심을 가지고 있습니다. 특히, 회사가 제공하는 다양한 프로젝트에 참여하여 제 경력 을 발전시키고, 함께 성장할 수 있는 기회에 흥미를 느끼고 있습니다.
또한, 한화시스템이 추구하는 핵심 가치인 고객 만족과 사회적 책임감에 공감합니다. 고객 중심 의 서비스 제공과 더불어 사회적 책임을 다하는 기업으로써, 지속 가능한 발전을 추구하고 있습 니다. 저는 이러한 가치를 공유하고, 귀사와 함께 일하며 기여하고 싶습니다.
추가적으로 협력과 소통을 중요시하며, 다양한 배경을 가진 인재들이 함께 일하는 개방적인 분 위기를 갖추고 있습니다. 이러한 분위기에서 저의 역량을 발휘하고, 동료들과의 협력을 통해 효 과적인 결과를 창출하고 싶습니다.
이러한 이유로 이번 공채에 지원하게 되었습니다. 함께 일하며 성장하고, 회사의 발전에 기여하 고 싶습니다."
역량/경험,소프트웨어 개발 - 한화시스템,"지원직무를 위해 노력했던 준비사항과 직무를 잘 수행할 수 있는 본인의 전공/직무 경험, 역량등에 대해 서술","한화시스템에서의 지원 직무와 관련하여 제가 준비한 사항과 경험은 다음과 같습니다.
먼저, 저는 컴퓨터 공학을 전공하였고, 이를 바탕으로 소프트웨어 개발 및 시스템 관련 기술에 대 한 깊은 이해를 갖추고 있습니다. 대학 시절부터 프로그래밍 언어와 데이터베이스 관련 과목을 수강하고 프로젝트를 진행하면서 소프트웨어 개발에 대한 기초적인 지식과 실무 능력을 쌓았습니다.
또한, 산업체와의 협력 프로젝트나 인턴십을 통해 실제 업무 환경에서의 경험을 쌓았습니다. 이를 통해 소프트웨어 개발 라이프사이클, 문제 해결 능력, 팀원들과의 원활한 커뮤니케이션 등을 배우고 발전시켰습니다. 특히, 프로젝트 관리와 협업에 있어서 중요성을 인지하고, 팀원들과의 협력을 통해 공동의 목표를 달성하는 데에 주력했습니다.
추가적으로, 학습과 발전에 대한 열정을 가지고 있습니다. 새로운 기술 및 도구에 대한 학습에 적 극적이며, 자기주도적으로 습득하는 능력이 있습니다. 지속적인 학습을 통해 업계의 최신 트렌드를 파악하고, 업무에 적용하여 최상의 결과를 창출하고자 합니다.
한화시스템에서는 이러한 전공 지식과 실무 경험을 활용하여 지원 직무를 성공적으로 수행하고, 회사의 발전에 기여하고자 합니다."
성장/가치관,소프트웨어 개발 - 한화시스템,"자신의 보편적인 가치관과, 이를 지키기 어려운 상황에서도 그것을 지키고자 했던 사례  ","대학 시절, 우리 팀은 학과 주관으로 열리는 프로그래밍 대회에 참여했습니다. 대회 규칙에 따르면, 각 팀은 자신의 아이디어를 사용하여 문제를 해결해야 했습니다. 그러나 대회 전날, 우리 팀 은 도덕적으로 애매한 상황에 직면했습니다. 다른 팀이 우리가 개발 중인 소프트웨어 아이디어 를 도용하여 자신들의 프로젝트에 포함하고자 했습니다. 이에 대한 우리의 처음 반응은 분노와 불안이었지만, 우리는 대회의 공정성과 규정을 중요하게 생각했습니다.
우리 팀은 이 문제에 대해 침착하게 접근하기로 결정했습니다. 먼저, 우리는 각자의 의견을  나누고 상황을 심각하게 고려했습니다. 그 다음, 우리는 대회 주최 측에 문제를 보고하고 증거를 제시 하기로 결정했습니다. 우리는 개발 초기 단계의 코드와 문서를 보여주며, 우리 아이디어를 먼저 구상했음을 입증했습니다.
우리는 규칙을 어겨 자신들의 이익을 위해 타인의 아이디어를 도용하는 것이 공정하지 않다는 점을 명확히 했습니다. 그 결과, 대회 주최 측은 우리 팀의 주장을 인정하고, 도용을 시도한 팀은 심 사 과정에서 제외되었습니다.
이 경험을 통해 우리는 원칙을 지키는 것이 어려운 상황에서도 중요하다는 것을 깨달았습니다. 우리는 팀원 간의 신뢰와 투명성이 프로젝트 성공에 중요하다는 것을 배웠습니다. 더불어, 이 경험은 우리가 공정한 경쟁과 팀워크를 존중하고 실천하는 가치를 더욱 강조하게 되었습니다."
협업/성과,소프트웨어 개발 - 한화시스템,"목표를 달성하기 위한 의지와 끝까지 노력하는 자세를 가지고, 저항이나 장애에 쉽게 굴복하지 않고 끝까지 최선을 다해서 추진했던 사례 ","대학 시절 프로젝트에서의 경험이 이에 해당합니다. 우리 팀은 시스템 개발 프로젝트를 담당했는데, 초기에는 예상치 못한 문제들로 인해 프로젝트가 지연되고 어려움에 직면했습니다. 저는 이러한 상황에서도 목표를 달성하기 위해 끈질기게 노력했습니다.
우리 팀은 먼저 문제를 해결하기 위해 회의를 열고 각자의 의견을 나누었습니다. 그 후, 저는 문 제 해결을 위해 관련 정보를 수집하고, 동료들과 협력하여 해결책을 찾았습니다. 이 과정에서 어려움을 극복하고자 끊임없는 의지와 팀원들과의 긴밀한 협력이 중요하다는 것을 배웠습니다. 결과적으로, 우리 팀은 역경을 극복하고 프로젝트를 성공적으로 완수했습니다. 이 경험을 통해 저는 어떤 상황에서도 끝까지 포기하지 않고 최선을 다해 목표를 달성할 수 있는 끈질긴 의지와 노력하는 자세를 가지고 있다는 것을 깨달았습니다. 이러한 자세로 한화시스템에서도 목표를 달 성하고 회사의 성장에 기여하고자 합니다."
역량/경험,소프트웨어 개발 - 한화시스템,"팀의 일원으로 다른 팀원들과 협력하여 일하고, 팀의 원활한 운영을 위해 양보하고 협조하여 win-win을 이끌어 내었던 사례 ","[멘토링 경험을 통해 팀워크와 협업에 대해 배우다]
학습 멘토링 지도 경험을 통해 제가 가장 중요하게 생각하는 것은 팀워크와 협업입니다. 함께 일 하는 동료들과의 원활한 소통과 협력을 통해 목표를 달성하는 것이 가장 큰 가치라고 생각합니다. 예를 들어, 학습 멘토링에서는 학생들의 학습 목표를 달성하기 위해 팀으로 구성하여 문제를 해결하도록 유도하였습니다. 이 과정에서, 각자의 역할과 책임을 분담하고, 서로의 의견을 존중 하며 토의하는 것이 중요했습니다. 또한, 각자의 역량을 파악하여 역할을 배분하고, 서로의 역량을 보완하여 목표를 달성하는 데 기여하였습니다.
팀워크와 협업은 서로 다른 개념이지만, 서로 연관되어 있습니다. 팀워크를 통해 협업을 이루는 것이 중요하다고 생각합니다. 예를 들어, 학습 멘토링에서는 학생들의 수업 이해도를 높이기 위 해 동료 멘토들과 함께 프로그램을 개발하였습니다. 이때, 각자의 전문성을 바탕으로 서로의 의견을 수렴하고, 최종적으로 효율적이고 유용한 프로그램을 개발할 수 있었습니다. 또한, 프로그램을 개발하는 과정에서는 서로의 역할과 책임을 분명하게 정하고, 일정을 지켜가며 협업하여 목 표를 달성하였습니다.
팀워크와 협업은 경험을 통해 발전할 수 있는 역량입니다. 학습 멘토링에서는 매 학기마다 다른 학생들과 함께 일하면서, 새로운 문제를 해결하고, 서로의 역량을 보완하는 과정에서 많은 것을 배웠습니다. 이를 통해, 팀워크와 협업을 위한 기본적인 능력 뿐만 아니라, 문제 해결 능력과 의사 소통 능력 등 다양한 역량을 향상시킬 수 있었습니다."
동기/포부,경영 지원 본부 - KOTRA(대한무역투자진흥공사),지원동기 ,"[국제 비즈니스 최전선에서 활약하겠습니다]
KOTRA에 지원하는 깊은 동기는 개인적인 열정과 국제 비즈니스에 대한 깊은 관심에서 비롯됩니다. 저
는 항상 글로벌 시장에서 활동하는 기업들과 국가 간의 경제적 교류에 대해 흥미를 느꼈습니다. 대학에서 국제무역학을 전공하며 이론적 지식을 쌓았고, 다양한 국제 경제 활동에 직접 참여해보고자 하는 강한 욕 구가 생겼습니다. 이 과정에서 KOTRA의 역할과 기여에 주목하게 되었으며, KOTRA가 세계 곳곳에서 한 국 기업의 해외 진출을 돕고, 글로벌 비즈니스 환경에서 한국의 경제적 이익을 증진시키는 데 기여하는 방 식에 깊이 감명받았습니다.
저는 KOTRA가 국제 비즈니스와 경제 외교의 최전선에서 활약하는 것을 보며, 저 역시 글로벌 시장에서 한국 기업을 지원하고, 우리나라의 국제적 입지를 강화하는 데 기여하고 싶다는 강한 소명 의식을 느꼈습니다. 특히, KOTRA의 다양한 사업 중에서도 신시장 개척과 기술 수출 지원 프로그램에 큰 관심을 가지고 있습니다. 이 분야에서 제가 쌓아온 전문 지식과 경험을 활용하여 KOTRA의 목표 달성에 기여하고자 합니다.
또한, KOTRA 직원으로서 글로벌 네트워크를 구축하고, 다양한 문화와 경제 환경을 이해하는 능력을 발휘하여 한국 기업이 해외 시장에서 성공할 수 있도록 돕고 싶습니다. 이를 위해 대학 시절부터 여러 국제 교류 프로그램에 참여하며 글로벌 커뮤니케이션 능력을 키워왔으며, 해외 인턴십을 통해 실제 국제 비즈니스 환경에서의 경험을 쌓았습니다. 이러한 경험은 KOTRA에서 국제 비즈니스 전략을 수립하고 실행하는 데 필요한 실질적인 역량을 제공할 것입니다.
KOTRA에 지원하는 이유는 단순히 국제적인 환경에서 일하고자 하는 욕구 뿐만 아니라, 한국의 경제 발전 과 글로벌 비즈니스 무대에서의 성공을 위해 직접적으로 기여하고자 하는 저의 깊은 열정에서 비롯됩니다. KOTRA의 일원이 되어, 저의 열정, 지식, 그리고 경험을 바탕으로 한국 기업의 글로벌 시장 진출을 촉진하고, 국가 경제 발전에 기여하고 싶습니다. KOTRA와 함께 성장하며 한국을 세계 경제의 중심으로 이 끄는 데 일조하고자 하는 것이 제가 KOTRA에 지원하는 가장 큰 동기입니다."
역량/경험,경영 지원 본부 - KOTRA(대한무역투자진흥공사),"공사직무기술서를 참고하여 해당 직무와 유관한 본인의 역량을 한 가지 제시하고, 이를 개발하기 위해 노력한 경험 및 활동들    ","[국제 시장 분석 능력을 갖춘 인재]
해당 직무와 직접적으로 연관된 제 역량은 '국제 시장 분석 능력'입니다. 이 역량은 글로벌 비즈니스 환경에서의 기업 경쟁력 강화와 신시장 개척에 있어 핵심적인 요소입니다. 저는 대학교 재학 중 국제무역학을 전공하면서 다양한 국가의 시장 환경 분석, 경제 정책, 무역 이론에 대한 깊은 이 해를 바탕으로 이 역량을 개발하기 시작했습니다.
역량 개발을 위해 가장 주목할 만한 활동은 대학교 3학년 때 참여한 국제 무역 전략 프로젝트입니다. 이 프로젝트는 실제 중소기업을 대상으로 해외 시장 진출 전략을 수립하는 것이었습니다. 저는 팀 리더로서 베트남 시장에 진출하고자 하는 한국의 소비재 기업을 위한 시장 조사와 전략 수립을 주도했습니다. 이 과정에서 베트남의 경제 상황, 소비자 행동, 경쟁 기업 분석에 이르기까지 광범위한 시장 조사를 실시했습니다. 또한, 현지의 문화적 요소와 법적 규제를 고려한 맞춤형 마케팅 전략을 개발했습니다. 이 프로젝트를 통해 실제로 기업의 베트남 시장 진출 전략에 기여 할 수 있었으며, 이러한 경험은 제 국제 시장 분석 능력을 실질적으로 강화하는 데 큰 도움이 되었습니다.
또한, 졸업 후 국제 무역 관련 회사에서 인턴으로 근무하면서 이론적 지식을 실제 업무에 적용하는 기회를 가졌습니다. 특히, 다양한 국가의 시장 조사 보고서를 작성하며 국제 시장 분석 역량을 더욱 발전시킬 수 있었습니다. 이 경험을 통해 얻은 실질적인 분석 기술과 전략 수립 능력은 KOTRA에서의 업무 수행에 있어 중요한 자산이 될 것입니다.
이러한 학습과 경험을 통해 저는 국제 시장 분석에 있어 실질적인 역량을 갖추게 되었으며, 이는 KOTRA에서의 직무 수행에 있어 기업의 해외 시장 진출 전략 수립 및 신시장 개척을 위한 근본적 인 기술로 활용될 수 있습니다. 저는 이 역량을 바탕으로 KOTRA에서 한국 기업의 글로벌 비즈니스 확장에 기여하고자 합니다."
성장/가치관,경영 지원 본부 - KOTRA(대한무역투자진흥공사),"학업, 취미, 업무 등을 하면서 과감한 도전과 변화를 통해 목표를 달성했던 사례","대학 시절, 저는 학과 학생회장으로서 전통적인 학과 행사의 변화를 추구하는 과감한 도전을 시도했습니다. 당시 학과의 가장 큰 행사는 매년 비슷한 형식으로 진행되어 학생들의 참여도와 만족도가 점차 줄어들고 있었습니다. 이에 저는 학생들의 참여를 극대화하고, 학과 커뮤니티를 강화하는 새로운 방식의 행사를 기획하고 실행하기로 결심했습니다.
저의 목표는 학과 행사를 단순한 모임이 아닌, 학생들이 직접 참여하고 경험할 수 있는 '체험형 행사'로 변모시키는 것이었습니다. 이를 위해 저는 먼저 학과 학생들을 대상으로 설문조사를 실시해, 그들이 행사에 바라는 바와 관심사를 파악했습니다. 설문 결과를 바탕으로, 전공과 연계한 창업 워크숍, 전문가 초청 강연, 실습 중심의 경진 대회 등 다양한 프로그램을 기획했습니다.
도전은 큰 리스크를 동반했습니다. 기존의 행사 예산과 인력으로는 새로운 프로그램을 모두 수 행하기 어려웠고, 학과 내에서도 변화에 대한 저항이 있었습니다. 하지만 저는 학과 교수님들과 의 면담을 통해 프로젝트의 의의와 잠재적 효과를 설명하고 지지를 얻어냈습니다. 또한, 학과 학생회의 구성원들과 긴밀히 협력하여 자원을 효율적으로 배분하고, 외부 스폰서와 협력을 모색하여 추가 예산을 확보하는 데 성공했습니다.
결과적으로, 우리가 주최한 첫 번째 체험형 학과 행사는 대성공을 거두었습니다. 학생들은 새로 운 형식의 행사에 큰 만족감을 표하며 적극적으로 참여했고, 이후 학과 내에서의 소통과 결속력 이 크게 강화되었습니다. 또한, 이 행사는 학과의 전통적인 행사 방식에 변화를 가져오는 계기가 되었으며, 이후로도 계속해서 다양하고 창의적인 행사가 기획되었습니다.
이 경험을 통해 저는 변화를 두려워하지 않고, 목표를 향해 과감히 도전할 때 비로소 혁신이 일어 난다는 것을 배웠습니다. 또한, 팀원들과의 협력과 외부 자원의 활용이 목표 달성에 있어 얼마나 중요한지 깨달았습니다. KOTRA에서도 이러한 도전 정신과 협업 능력을 바탕으로 새로운 시장 개척과 한국 기업의 글로벌 경쟁력 강화에 기여하고 싶습니다."
협업/성과,경영 지원 본부 - KOTRA(대한무역투자진흥공사),본인과 다른 의견을 가진 사람들과 효과적으로 소통하여 긍정적인 결과를 얻었던 사례에 대해 기술 ,"대학교에서 진행한 마케팅 프로젝트 팀에서, 저는 다양한 배경과 의견을 가진 팀원들과 협업하는 중요한 경험을 했습니다. 우리의 목표는 신제품 출시를 위한 통합 마케팅 전략을 개발하는 것 이었습니다. 하지만 프로젝트 초기 단계에서부터 팀원들 사이에는 제품의 타겟 시장과 마케팅 채 널 선택을 둘러싼 의견 충돌이 발생했습니다.
팀의 일부는 젊은 소비자를 대상으로 한 디지털 마케팅 전략에 중점을 두어야 한다고 주장했으며, 다른 일부는 더 넓은 연령대를 포괄하는 전통적인 마케팅 채널을 사용해야 한다고 주장했습니다. 이러한 의견 대립은 프로젝트의 진행을 지연시키고 팀 내 긴장을 높였습니다.
이 문제를 해결하기 위해 저는 중립적인 입장에서 양측의 의견을 경청하고, 각각의 전략이 가지 는 장단점을 면밀히 분석하여 팀원들에게 제시했습니다. 또한, 팀원들 모두가 참여하는 워크숍을 주최하여, 각자의 의견을 자유롭게 공유하고 토론할 수 있는 기회를 마련했습니다. 이 과정에 서, 저는 각 팀원의 의견을 존중하며, 공통된 목표를 향해 나아갈 수 있는 방법을 모색하는 데 중 점을 두었습니다.
결국, 우리 팀은 각각의 전략이 가진 이점을 결합한 하이브리드 마케팅 전략에 합의했습니다. 디지털 마케팅 채널을 통해 젊은 소비자에게 접근하는 동시에, 전통적인 마케팅 채널을 이용해 더 넓은 연령대의 소비자에게도 도달하기로 결정했습니다. 이 협력적 접근 방식은 프로젝트의 성공 적인 완수로 이어졌으며, 우리 팀은 높은 평가를 받았습니다.
이 경험을 통해, 저는 의견이 다른 사람들과 효과적으로 소통하고, 서로의 차이를 인정하며 공동 의 목표를 향해 협력하는 방법을 배웠습니다. KOTRA에서도 이러한 소통 능력과 협업 정신을 바탕으로 다양한 국가와 문화적 배경을 가진 파트너 및 동료들과 긍정적이고 생산적인 관계를 구축 해 나갈 수 있을 것이라 확신합니다."
동기/포부,신약 연구개발 - 경보제약,지원동기 및 입사 후 포부 ,"경보제약은 혁신적인 의약품을 개발하여 사람들의 건강과 삶의 질을 향상시키는 글로벌 기업으로서의 명성을 갖추고 있습니다. 저는 이러한 뛰어난 기업 문화와 업적에 매료되어 지원하게 되었습니다. 특히, 경보제약의 연구 개발 분야에서는 지속적인 혁신과 과학 기술의 발전을 통해 새로운 치료법과 치료제를 개발하는 데에 열정을 가지고 있습니다. 이러한 경향은 제가 연구개발 분야에서의 경험과 지식을 활용하여 회사의 비전을 이끌고 이루어낼 수 있는 능력을 보유하고 있음을 의미합니다.
입사 후에는 경보제약의 연구개발 팀에 소속되어 혁신적인 프로젝트에 참여하고 싶습니다. 새로 운 의약품을 개발하고 임상시험을 통해 환자들의 삶을 개선하는 일에 기여하고 싶습니다. 또한, 연구 및 개발 과정에서의 협업과 소통을 통해 동료들과 함께 더 나은 결과물을 만들어내고자 합니다. 또한, 항상 새로운 지식과 기술을 습득하고 자기계발에 힘쓰며, 회사의 성장과 발전에 기여 하고자 합니다.
경보제약은 미래 의약품 산업의 선도 기업으로서의 위치를 굳건히 다지고 있는데, 이에 함께하고 싶습니다. 저의 열정과 끈기를 바탕으로 회사의 성장과 발전에 기여하고, 함께 성장하는 기업 문화를 형성하기 위해 노력하겠습니다."
협업/성과,신약 연구개발 - 경보제약,살아오면서 가장 기억에 남았던 일과 그 일을 겪고 느낀 점 ,"고등학교 시절, 학교에서 자원봉사활동을 진행하던 중 한 아이와의 만남이 가장 기억에 남는 일 중 하나입니다. 그 아이는 지적 장애를 가진 학생으로, 다른 학생들과는 다르게 학교 생활에 어려움을 겪고 있었습니다. 우연히 그 아이와 함께하는 기회를 얻게 되었는데, 처음에는 어색함과 거리감을 느끼기도 했습니다.
하지만 시간이 지날수록 그 아이와의 교감이 높아지고, 서로를 이해하고 배려하는 것이 중요함을 깨달았습니다. 그 아이와 함께 봉사활동을 하면서, 그 아이가 가진 특별한 매력과 순수함에 마 음이 따뜻해졌고, 그와 함께 있을 때 행복함을 느낄 수 있었습니다.
그 일을 겪고 나서, 우리 주변에는 다양한 사람들이 존재하며, 그들 각자가 가진 특별함을 인정하고 존중해야 한다는 것을 깨달았습니다. 더불어, 누군가에게 도움을 주는 것이 얼마나 소중하고 의미 있는 일인지를 깨달았습니다. 이 경험을 통해 저는 서로 다른 사람들과의 소통과 이해를 통 해 더 나은 세상을 만들어 나가는데 기여하고 싶다는 다짐을 하게 되었습니다."
동기/포부,연구개발 - 현대케피코 ,당사의 지원 직무를 선택하게 된 계기 ,"자동차 산업이 점점 친환경화되고, 전자제어 기술이 핵심적인 역할을 하게 되면서 자동차 부품 개발 분야 에 매력을 느꼈습니다. 특히, 현대케피코가 엔진 제어, 전동화, 소프트웨어 솔루션 등의 첨단 기술을 통해 자동차의 성능과 효율성을 혁신하는 데 앞장서는 모습을 보며 큰 감명을 받았습니다.
대학교 시절, 저는 전자공학을 전공하며 회로 설계와 센서 시스템에 대한 이해를 깊이 있게 다졌습니다. 콜 업 프로젝트로는 IoT 기반 차량 모니터링 시스템을 개발하며 실시간 데이터 수집 및 분석 기술을 경험할 수 있었습니다. 이러한 경험은 현대케피코의 기술적 비전과 일치하며, 첨단 전자제어 시스템을 통해 더 안 전하고 효율적인 자동차를 개발하는 데 기여할 수 있을 것이라 확신합니다.
또한, 현대케피코의 전동화 기술을 통해 지속 가능한 모빌리티를 실현하려는 노력은 제가 진정으로 동참하고 싶은 목표입니다. 제 기술적 역량과 실무 경험을 바탕으로 현대케피코의 연구개발(R&D) 부문에서 새로운 가치를 창출하며, 미래 자동차 시장에서의 경쟁력을 강화하는 데 일조하고 싶습니다."
역량/경험,연구개발 - 현대케피코 ,"지원 직무를 수행함에 있어 가장 필요한 역량을 정의한 후, 이를 지원자가 갖추었음을 서술해주세요. (자신의 전공, 경험 등을 기반으로 구체적으로 기술) ","현대케피코의 연구개발(R&D) 직무를 수행하기 위해 가장 중요한 역량은 기술적 전문성, 문제 해결 능력, 그리고 협업 능력이라고 생각합니다. 자동차 전장 부품은 지속적인 기술 발전과 높은 정밀도가 요구되며, 이 과정에서 다양한 문제를 해결하고 팀 내 조화를 이루는 역량이 필수적입니다.
저는 전자공학 전공을 통해 회로 설계, 임베디드 시스템, 센서 기술 등을 학습하며 기술적 전문성을 쌓아왔습니다. 특히, 졸업 프로젝트로 진행한 자율주행 차량의 장애물 감지 센서 설계에서는 실제 데이터를 기반으로 알고리즘을 개선하며 문제 해결 능력을 길렀습니다. 프로젝트 초기, 센서 오작동 문제로 데이터 왜곡 이 발생했으나, 팀원들과 원인을 분석하고 하드웨어 및 소프트웨어를 동시에 조정하여 성공적으로 개선한 경험이 있습니다.
또한, 자동차 부품 제조사에서의 인턴 경험을 통해 실질적인 협업의 중요성을 깨달았습니다. 다양한 부서와의 소통이 필요한 환경에서, 설계 변경사항을 효율적으로 전달하며 프로젝트 일정을 준수했습니다. 이 과정에서 팀원들과 아이디어를 공유하며 협업 능력을 발전시킬 수 있었습니다.
현대케피코는 자동차 전장 부품과 전동화 솔루션 분야에서 선도적인 역할을 수행하고 있습니다. 제가 갖춘 기술적 전문성과 문제 해결 경험은 현대케피코의 혁신적인 제품 개발에 기여할 수 있을 것입니다. 또한, 협업을 통해 팀원들과 시너지를 발휘하며, 회사의 비전인 지속 가능한 모빌리티 실현에 동참하고 싶습니다."
협업/성과,연구개발 - 현대케피코,"조직 내에서 (1. 주도적으로 목표를 설정하고 실행한 경험), (2. 협업을 통해 목표를 달성함 경험) 중 하나를 선택한 수 해당 내용 설명 ","대학교 재학 중, 교내 공모전에서 친환경 자동차 배터리 관리 시스템(BMS) 개발 프로젝트에 참여한 경험 이 있습니다. 팀원들과 함께 프로젝트를 시작하며 가장 먼저 직면한 문제는 팀원들의 전공과 이해도가 다르다는 점이었습니다. 전자공학, 화학공학, 기계공학 전공자들로 구성된 팀이었기에, 서로의 역할을 명확히 나누는 것이 중요했습니다.
저는 팀의 조정자 역할을 맡아 전체적인 로드맵을 설계하고, 팀원들의 전문성을 최대한 활용할 수 있도록 소통과 협업을 촉진했습니다. 먼저, 팀원들의 의견을 바탕으로 주요 기능과 설계 방향을 정의하고, 각자 맡은 역할을 명확히 분배했습니다. 이후 매주 정기적인 회의를 통해 진행 상황을 점검하고, 문제를 함께 해결 해 나갔습니다. 프로젝트 중간, 배터리 성능 최적화 알고리즘 구현 과정에서 예상치 못한 데이터 오류가 발생했지만, 데이터 분석 팀과 협력하여 알고리즘을 수정해 최적화 문제를 해결했습니다.
결과적으로, 저희 팀은 교내 공모전에서 최우수상을 수상하며 프로젝트의 가치를 인정받았습니다. 이 경험을 통해 소통의 중요성과 다양한 전공 간 협업을 통해 문제를 해결하는 방법을 배웠습니다. 현대케피코 입사 후에도 이러한 협업 경험을 바탕으로 다양한 부서와의 협력에서 시너지를 발휘하며, 혁신적인 솔루션 개발에 기여하겠습니다."
역량/경험,생산관리 - 효성중공업 ,지원 직무 관련 자신이 갖춘 역량에 대하여 구체적으로 기술 ,"[다양한 역량을 보유한 인재]
저는 생산관리 직무에 필요한 다양한 역량을 보유하고 있습니다. 먼저, 생산 계획 및 일정 관리 능력이 있습니다. 과거 경험을 통해 다양한 생산 환경에서 생산 일정을 수립하고 조율하는 데 능숙합니다. 생산라인 의 효율성을 높이기 위해 일정을 세우고 운영에 필요한 자원을 계획하는 과정에서 정확하고 체계적인 접근을 취합니다. 이는 생산 프로세스의 원활한 진행과 생산량의 증가에 도움이 됩니다.
둘째로, 생산 프로세스 개선 및 최적화에 대한 지식과 능력을 보유하고 있습니다. 공정의 각 단계를 신중하게 분석하여 병목 현상을 해결하고 생산 효율성을 향상시키는 방안을 모색합니다. Lean
Manufacturing 및 Six Sigma와 같은 개선 방법론에 익숙하며, 이를 적용하여 생산 과정에서 발생하는 비효율성을 개선하는 데 기여할 수 있습니다.
또한, 팀원들과의 원활한 협업과 커뮤니케이션 능력을 갖추고 있습니다. 생산 팀원들과의 협력을 통해 목표 달성을 위한 노력을 조율하고, 문제 발생 시 효과적인 해결책을 찾아내는 데 기여합니다. 효성중공업에 서는 다양한 부서 및 팀과의 협업이 중요하며, 저는 이러한 환경에서 원활한 소통과 협력을 통해 효과적인 결과를 이끌어내겠습니다.
끝으로, 문제 해결 능력과 책임감을 바탕으로 생산 과정에서 발생할 수 있는 문제를 신속하게 대응하고 해결할 수 있습니다. 예기치 못한 문제에 대처하고, 생산 일정을 유지하면서 품질과 안전을 보장하는 것이 저의 목표입니다. 이러한 능력과 자세를 바탕으로, 생산 관리 업무에서 효성중공업의 성공을 지원하고 함께 성장해 나가고자 합니다. 감사합니다."
협업/성과,자동차 제조 및 소재 기술 분야 - 넥센타이어,"귀하가 지원한 직무의 힘들고 어려운 점은 무엇이라 생각하며, 이를 해결했던 경험을 서술 ","저는 자동차 산업에서의 직무는 기술적으로 매우 요구되는 분야라고 생각합니다. 특히 자동차 부품 및 소 재의 품질 관리와 공정 개선은 매우 민감한 문제로, 힘들고 어려운 점이 많이 존재할 수 있다고 생각합니다.
이전의 경험 중 하나는 제품 품질 관리 과정에서의 어려움이었습니다. 이전에 일했던 회사에서는 제품 생 산 과정에서 품질 문제가 지속적으로 발생하고 있었습니다. 이는 고객 만족도를 떨어뜨리고 생산성에도 부 정적인 영향을 미치는 중요한 문제였습니다.
이러한 상황에서 저는 품질 관리팀에 참여하여 문제의 원인을 규명하고 해결책을 모색하기로 결정했습니다. 우선, 생산 과정에서 품질 문제가 발생하는 지점을 세밀하게 분석하고, 각 단계에서의 데이터를 수집하고 분석하여 문제의 근본 원인을 파악했습니다.
그 다음으로는 팀원들과의 원활한 커뮤니케이션과 협력을 통해 해결책을 모색하고 적용하는 과정을 거쳤습니다. 우리는 생산 과정에서의 품질 관리 체계를 재검토하고, 품질 향상을 위한 새로운 접근 방식을 도입했습니다. 이를 통해 품질 문제를 해결하고 향후에는 유사한 문제가 발생하지 않도록 예방하는 시스템을 구축할 수 있었습니다.
이 경험을 통해 팀원들과의 협력과 문제 해결 능력이 중요하다는 것을 배웠습니다. 또한, 어려운 상황에서 도 문제를 해결하고 성공으로 이끌어 나갈 수 있는 능력을 갖추게 되었습니다. 넥센타이어에서도 힘들고 어려운 상황에 대처하고 품질 관리와 공정 개선에 주도적으로 참여하여 회사의 발전에 기여하고 싶습니다."
동기/포부,자동차 제조 및 소재 기술 분야 - 넥센타이어,넥센타이어에 지원하게 된 이유와 준비 과정,"저는 자동차 산업에 대한 높은 관심과 열정을 가지고 있습니다. 이에 따라 자동차 산업에서 선도 적인 기업 중 하나인 넥센타이어에 지원하게 되었습니다. 넥센타이어는 고품질의 타이어 제품으로 소비자들의 신뢰를 얻고 있으며, 지속적인 혁신과 기술 개발을 통해 산업을 선도하고 있습니다.
제가 넥센타이어를 선택한 이유는 여러 가지가 있습니다. 먼저, 넥센타이어는 국내외 자동차 업계에서 선도적인 기업으로 인정받고 있으며, 글로벌 시장에서 경쟁력 있는 제품을 공급하고 있습니다. 이에 따라 넥센타이어에서는 다양한 경험과 기회를 제공받을 수 있다고 판단했습니다.
또한, 넥센타이어는 기술 혁신에 대한 투자와 연구개발에 높은 가치를 두고 있습니다. 저는 학부 시절부터 자동차 엔지니어링 및 소재공학에 대한 전문 지식과 실무 경험을 쌓기 위해 노력했습니다. 자동차 제조 및 소재 기술에 대한 관심과 지식을 바탕으로 넥센타이어에서의 업무에 적극적으로 참여하고, 기술적인 역량을 발전시키고자 합니다.
추가적으로, 넥센타이어의 인재 육성 프로그램과 다양한 교육 기회를 통해 전문성을 향상시키고, 산업의 트렌드와 기술적인 변화에 발맞춰 성장할 수 있는 환경을 제공 받고 싶습니다.
이러한 이유로 넥센타이어에 지원하게 되었으며, 준비 과정으로는 업계 동향과 기술 개발에 대한 연구를 진행하고, 자동차 산업과 관련된 프로젝트에 참여하여 실무 경험을 쌓았습니다. 넥센타이어에서의 성장과 발전에 기여하고 싶습니다."
성장/가치관,퍼포먼스마케팅 - 네이버웹툰,"스스로 생각하는 본인만의 장점은 무엇이며, 해당 업무에서 어떻게 발휘될 수 있을까요?","
6개월간 디지털미디어렙사 광고본부 인턴을 경험하며, 네이버 웹툰 퍼포먼스 마케팅에 기여할 수 있는 두 가지 장점을 길렀습니다.

첫째, 주요 광고 매체와 웹 로그 분석 Tool에 대한 지식을 길렀습니다. 저는 17명의 팀원이 있는 대형팀에 소속되어 30여 개의 캠페인을 보조하고 14개의 매체를 배웠습니다. 페이스북, Google Ads, NOSP 등 셀프 서빙 매체에 세팅을 하며 주요 용어를 습득하여 소재, 예산, 라이브기간 등을 설정했습니다. 특히 각 매체와 지면의 CPC, CPV는 ROI와 비용을 결정하는 데에 중요한 역할을 합니다. 그래서 효율적인 단가 설정을 위해 매체에서 제공하는 기집행데이터와 동종업종 평균 단가를 추출하였습니다. 넥슨 마비노기 시즌4 캠페인 당시에는 Google Analytics로 수집한 유저, 잠재 고객 데이터도 결합하여 GDN CPC를 150원에서 90원으로 조정하였지만 동일한 0.18%의 CPC 효율을 보이는 성과를 거두었습니다. 인턴십 후 퍼포먼스 마케팅에 매료되어 주요 매체에 대한 전문성을 기르기 위해 검색광고와 AdTech 과목을 수강하였고, 이론적 지식과 반복 실습을 통해 A+와 Google AdWoeds Search, GAIQ 자격증 취득이라는 결실을 맺었습니다.

둘째, 데이터 기반 논리적 사고력을 길렀습니다. 퍼포먼스 마케팅은 숫자와 데이터를 통해 문제를 해결합니다. 이를 위해서는 데이터를 꼼꼼하게 추출하는 역량과 수집된 데이터에서 가설을 세우고 유의미한 해석을 통해 문제를 해결하는 역량이 필요합니다. 
저는 크로스체크 습관을 통해 데이터를 꼼꼼하게 다룰 수 있습니다. 미디어믹스를 기획할 때 1원, 1%라도 잘못 기입할 시 전혀 다른 성과가 나오기 때문에 하나의 숫자도 실수하지 않도록 노력했습니다. 매체 내 소재를 세팅하는 과정에서도 타겟팅, 기간, 리타겟팅 모수 적용, SDK스크립트 삽입 등 1개의 정보도 빠뜨리지 않도록 하였습니다. 캠페인 집행 후에는 실시간 모니터링을 하며 소진이슈, 로그데이터 수집 오류 등의 문제는 없는지 확인하며, 게재보고를 통해 라이브도 원활하게 진행되는지 체크하였습니다. 이는 매체 캠페인을 관리하고 캠페인 운영 데이터를 추출하는 데 있어 저의 꼼꼼함이 직무 수행에 크게 기여할 것이라 확신합니다.
캠페인 진행 중 Daily report를 통해 운영 데이터를 점검하며 데이터 속 타겟의 심리를 파악한 경험이 있습니다. 이투스 플래너이벤트 캠페인 당시 Daily report 작성 중 주말 동안 Facebook 유입을 통한 회원가입 수가 급증한 적이 있습니다. 당시 신규 모델을 활용한 경쟁사 대규모캠페인으로 인해 상대적 인지도가 감소하고 있어 타 매체에서도 회원가입 수를 증가시키는 것이 중요했습니다. 저는 답을 찾기 위해 해당 게시글 댓글 속 mention이 2배 이상 증가한 것을 살핀 후 두 가지 가설을 세웠습니다.
1) 시험기간이 1주일 남아 공부하기 싫은 학생들의 FB 이용시간이 증가했다.
2) 소통의 창구로서 FB 메신저를 활발히 사용하는 고등학생들이 반배송 이벤트 당첨을 위해 바이럴을 일으켰다.
가설검증을 위해 두 가지 데이터를 취합하였습니다. 닐슨데이터 분석 결과 실제 10대 FB 이용시간이 전주 대비 1시간가량 증가하였고, 이투스 내부 데이터 분석 결과 중복 학교의 참여율이 증가하였습니다. 이를 활용해 다음 시험기간 동안 Instagram에서 친구에게 DM 보내기, mention 하기를 한 후 인증할 시 상품을 주는 이벤트를 하였고 회원가입 수가 10배 증가하였습니다. 데이터와 끊임없이 소통하여 사용자에게 다가갔던 경험은 네이버 웹툰 캠페인 데이터를 취합하고 해석하며 성과를 개선하는 문제 해결의 열쇠가 될 것입니다.대학생 대외활동 공모전 채용 사이트 링커리어 https://linkareer.com/

"
성장/가치관,브랜드마케터 - 마켓컬리,"본인 성격의 장점과 단점은 무엇입니까?

대학생 대외활동 공모전 채용 사이트 링커리어 https://linkareer.com/","[장점 : 목표달성을 위한 추진력과 집요함]
""일단 go, 무조건 되게 하라""
저는 선택을 함에 있어 고민이 없는 편입니다. 일단 시작을 하면, 무조건 목표를 달성해야 한다는 마음가짐으로 강한 추진력과 집요함으로 추진하여 성과를 내는 편입니다. 
 인플루언서 마케팅 기업에서 근무하며 고객사의 제품(구강청결제)을 인스타그램과 유튜브 채널에서 홍보하여, 고객사가 요구하는 KPI의 130%를 달성했습니다. 고객사의 니즈는 SNS 채널에서 최대한 많은 view수와 click수를 확보하는 것이었습니다. 고객사가 원하는 인플루언서 그룹이 정해져 있었고, 반드시 섭외를 해야하는 상황이었습니다. 
새벽이나 밤늦게 연락이 잘 되는 인플루언서의 특성을 고려해 업무 시간 외에도 즉각적으로 응답하여 원활한 커뮤니케이션을 했습니다. 보통 섭외를 할 때, 인스타그램 메세지만 이용하는 경우가 많았습니다. 저는 그들의 편의를 최대한 높이기 위해, 문자나 카카오톡 등 다양한 연락 수단을 이용해 소통했습니다. 또한, 섭외를 위해 제품 상세컷과 동영상 촬영본들을 추가 제공하여 광고 제품의 친밀도를 높일 수 있도록 노력했습니다. 
 효과적인 커뮤니케이션을 통해, tv 또는 웹드라마에 출연했던 영향력 높은 광고모델을 섭외할 수 있었고 고객사의 예상보다 30% 이상의 클릭 수와 뷰수를 달성할 수 있었습니다.

[ 단점 : 복기하는 습관의 부족 ] 
 인플루언서 마케팅 스타트업에서 근무하며 광고 모델에게 보내야 할 상품을 배송하는 업무를 담당했습니다.대규모 캠페인을 맡게 되었고, 약 100명의 광고 모델에게 상품을 배송해야 했습니다. 배송과정에서 재점검하지 않는 태도로 인해 4명의 상품이 누락되는 문제가 발생했습니다. 정해진 날짜에 광고 사진이 업로드되는 것이 관건이었고, 배송지연은 큰 손실을 발생할 수 있는 문제였습니다. 결국, 퀵 배송을 이용해 3배의 비용을 지불하며 문제를 해결했습니다. 

[ 실패경험의 보완점 ]
 인턴으로 근무하는 동안 많은 배송업무를 담당해야 했기에,  제 실수로 인해 팀원들에게 손해를 끼치지 않도록 3가지의 업무 습관을 기르기 위해 노력했습니다. 
첫째, 업무 점검표의 작성입니다. 매일 출근하면 약 30분간 오늘 해야 할 배송 목록과 업무의 체크리스트를 작성했습니다. 퇴근 전, '데일리브리핑' 시간을 가지며 하루 총 작업량을 정리하고 리스트의 항목들을 표시하며 빠지는 일이 없도록 주의했습니다. 둘째, 배송 과정 기록입니다. 모든 배송사항을 구글 엑셀 파일에 기록하여 한눈에 확인할 수 있도록 만들었습니다. 또한, 송장을 인쇄하면 작은 확인증이 같이 발급되는데, 확인증을 버리지 않고 하나의 파일에 모아 날짜별로 붙여두었습니다. 확인증이라는 실물 기록을 통해 문제가 발생했을 경우 더욱 빠르게 원인을 파악할 수 있었고, 팀장님께 과정을 쉽게 설명해 드릴 수 있었습니다. 마지막으로, 업무에 대한 주인의식입니다. 출근하면 가장 먼저 택배를 꺼내놓고, 총무팀에 전달했습니다. 실수가 발생하더라도 배송 시간 전에 문제를 해결할 수 있도록 업무 순서를 스스로 만들고 책임감을 길렀습니다. 3가지의 개선사항을 통해 인턴 종료 기간까지 단 한번의 배송 실수도 발생하지 않았습니다. 실패에 대한 빠른 피드백과 행동의 실천으로 한단계 더 성장할 수 있었습니다.
"
성장/가치관,DS부문 반도체연구소 공정설계 - 삼성전자,"본인의 성장과정을 간략히 기술하되 현재의 자신에게 가장 큰 영향을 끼친 사건, 
인물 등을 포함하여 기술하시기 바랍니다. (※작품속 가상인물도 가능)","[조금은 느려도 확실하게]

 저는 아주 사소한 것들도 기억하고 두 번, 세 번 다시 검토하여 
결함이 없다는 것을 확인할 때까지 만족하지 못하는 성격입니다. 
주변에서 피곤하다고 느낄 수도 있지만, 줄곧 이러한 성격이 장점이라고 생각했습니다.
 이러한 저의 성향을 알아본 선배님이 저를 대학교 동아리 연합회 사무국장 자리에 추천해주었습니다. 
총인원 3,000명이 넘는 71개의 동아리를 관리하며 봄축제, 정기축제 등 
소, 대형 행사에 지출되는 수백, 수천 장이 넘는 예, 결산안을 검토해야 했습니다. 
학생회원들과 협업하여 2주간 매일같이 밤을 새우며 2천 장이 넘는 
예, 결산안을 검토한 결과 횡령률 0%를 이루어 냈습니다.
 이 과정에서 제가 가진 꼼꼼함이 남들보단 느릴 수 있지만
 확실한 결과를 가져올 수 있음을 느꼈고 맡은 일에 대한 책임감은 
항상 준비되어 있어야 한다는 것을 배웠습니다.

[나와의 약속]

 '내가 뱉은 말, 맡은 일에 책임을 지자'라는 좌우명을 가지고 대학교에 입학하였습니다.
 대학생활 중 가장 우선시했던 것은 등록금을 줄여보겠다는 부모님과의 약속이었습니다. 
학창시절 물리라는 과목에 대해 기초만 알고 있었던 저에게 좋은 성적을 얻어 
성적장학금을 받기 위해서는 남들보다 훨씬 더 많은 노력을 기울여야 했습니다. 
동기들과 매일 수업이 끝나면 도서관에 모여 당일 배운 전공지식을 공유하며 
토론, 토의하는 스터디를 최소 2시간씩 진행하였습니다. 
확실히 높은 성적을 위해서는 조금 더 공부가 필요하다 생각하였습니다. 
물리 수능교재를 구매하여 잠들기 전 한 시간씩 따로 더 공부하는 습관을 들였습니다. 
책임감을 가지고 해온 노력과 공부방법으로 인해 전공에 대해 이해력을 갖출 수 있게 되었고 
그 결과 지금까지 총 4번의 성적장학금을 받을 수 있었습니다.
 학교 연계로 반도체 OEM 업체인 (주)한창코퍼레이션 에서 인턴을 하게 되었을 때도 
제 역량들은 빛을 발했습니다. 처음 경험하는 사회에서의 일은 
대학교에서 경험하는 것보다 훨씬 복잡하고 어려운 절차로 진행되었습니다. 
맡은 일을 꼼꼼히 처리하는 것뿐만 아니라 어떻게 하면 더 효율적으로 일할 수 있을지 
고민했고 자발적으로 선임분들과 같이 야근을 하며 일의 절차를 정리하였습니다. 
처음 일하는 사람도 이해하기 쉽게 엑셀에 작업화면을 캡처하고 일일이 설명을 달았습니다. 
그 결과 맡은 일에 대한 이해도가 증가하여 일의 능률이 빨라졌고 남는 시간을 활용하여 
회사의 앞으로 사업에 도움이 될 수 있는 Arduino Sensor에 대한 프로젝트도 
진행할 수 있게 되었습니다. 또한, 일의 절차를 정리한 엑셀은 
신입사원을 위한 SOP로 채택되는 인턴으로서의 영광도 누릴 수 있었습니다. 
 반도체 공정 엔지니어는 그 어떠한 엔지니어들보다 꼼꼼함을 바탕으로
 책임감 있게 맡은 일을 마칠 수 있어야 합니다. 저의 성장 과정 및 경험은 
공정 설계 직무에서의 맡은 일을 수행함에 있어 긍정적으로 작용할 수 있을 것입니다."
성장/가치관,자산 설계 전문가 - 신한은행,"본인 성격의 장단점 및 가치관을 성장과정(가족, 학창시절, 주변인과의 관계)에 기반하여 작성해 주세요.","[고이지 않고 흐르는 물]
제 좌우명은 '고이지 않고 흐르는 물이 되자.' 입니다. 현재에 안주하거나 정체되어 있지 않고 늘 미래를 위해 노력하자는 의미입니다.
고등학생 시절, 공부에 소홀하여 2학년 때 전국 모의고사에서 평균 5등급을 받았습니다. 서울 소재 대학 진학이 어렵다는 평가를 받아 대학 진학을 위해 1년간 다른 친구들보다 몇 배의 노력을 해야만 했습니다. 이때, 성실함의 중요성을 배웠습니다. 그리고 매시간을 알차고 생산적이게 보내려는 가치관을 가지게 되었습니다.
대학교 2학년 때, 민간 브랜드 평가기관 한국소비자포럼에서 마케팅 대외활동을 하면서 마케팅과 홍보에 관심을 가지게 되었습니다. 이후, 동아일보 잡지 골든걸 온라인 홍보 대외활동을 하며 지식을 실제로 활용해볼 수 있었습니다. 앞선 대외활동을 통해 배운 것과 전공과목인 국제통상학을 함께 활용하고자 관세청에서 약 2년간 정책기자 생활을 하면서 무역 실무를 간접적으로 경험했습니다.
글로벌 인재로 성장하고자 스페인에 교환학생을 다녀온 뒤 스페인어 공인 성적을 취득하였습니다. 대학 동기를 대상으로 영어 회화 과외 및 토익 스피킹 멘토링을 하며 생활에서 꾸준히 어학 능력을 키웠습니다. 교내 글로벌센터에서 교내 유학생 보조 업무를 하며 글로벌 커뮤니케이션 역량을 쌓았습니다. 이처럼 저는 시간을 낭비하지 않고 최대한 활용하여 스스로가 발전하는 방향을 찾는 사람입니다.
하지만 욕심이 많아 모든 일을 한 번에 하고자 하는 것이 단점입니다. 하나씩 차근차근 해결한다면 모두 완성도 있는 결과를 얻을 수 있는 일임에도 욕심에 모든 것을 한 번에 처리하려다 만족스럽지 못한 결과를 얻었던 경험이 있습니다. 이를 극복하기 위해 메모를 활용하여 업무의 중요도를 분류하고 순차적으로 해결하는 습관을 들이겠습니다. 많은 일을 다룰 때 계획적으로 다가가는 자세가 효율적인 업무 처리에 도움이 될 것입니다."
기업/아이디어,퍼포먼스마케팅 - 네이버웹툰,"평소 여가시간에 가장 즐겨보는 콘텐츠나 체류하는 채널은 무엇이며, 최근 특히 가장 재미있게 본 콘텐츠가 있다면 그 이유와 함께 소개해주세요.","[가볍지만은 않은 환상적인 세계관 로맨스]
<여신강림> 웹툰을 재미있게 보고 있습니다. 여신강림의 매력은 두 가지라고 생각합니다. 
첫째, 여신강림 줄거리는 스스로를 성찰해볼 수 있도록 한다고 생각하기 때문입니다. 처음 여신강림이 웹툰으로 연재되었을 때, 외모지상주의를 조장하는 작품이라고 생각했었습니다. 하지만, 회차를 거듭할수록 임주경의 내면을 통해 외모지상주의 탈피를 장려하는 작품이라고 생각했습니다. 2017년 다국적 시장조사기관에 따르면 외모만족도가 낮은 나라로 한국은 22개국 중 3위를 기록했습니다. 외모의 관심이 많을수록 불만족한 부분이 많게 느껴지는 것이 사실입니다. 여신강림은 이러한 사회적 풍조와 분위기를 독자로 하여금 제3자의 시선에서 바라볼 수 있도록 합니다. 독자는 주인공에게 호감을 느끼며 몰입할수록 임주경이 겪는 이유 없는 학교폭력, 차별에 분노하게 됩니다. 특히 화장 후 친구들에게 인기를 얻었을 때 “내가 못 생겼다는 걸 알면 친구 하지않겠지..?”라는 속마음에 안쓰러움을 느끼게 되는 둥 임주경의 행복을 바라게 됩니다. 즉 독자는 임주경 편에서 서서 외모지상주의에 빠진 다른 등장인물을 비판적으로 바라보게 되며 죄 없는 누군가를 외모로 판단하는 것을 경계하게 됩니다. 따라서 여신강림의 매력은 외모지상주의에 본인이 사로잡혀 있지 않은지 돌이켜 보게 되며, 임주경 주위 인물이 되지 않도록 외모보다는 다른 사람의 마음에 집중할 수 있도록 하는 것이라고 생각합니다.
둘째, 최고시청률 35.7%를 기록한 ‘꽃보다 남자’를 이은 현대판 판타지 로맨스코미디이기 때문입니다. 꽃보다 남자가 반영되던 시절 저는 초등학교 5학년이었습니다. 당시 꽃보다 남자를 보지 않는 여자 학우는 전교생 중 1-2명에 불과했고, 연령대를 불문하고 ‘구준표’를 모르면 간첩이라 불릴 만큼 꽃보다 남자의 인기는 선풍적이었습니다. 꽃보다 남자가 폭발적인 인기를 이끈 것은 두 가지 요소라고 생각합니다. ‘성격과 외모가 비현실적인 남자주인공’, ‘여성이 바라는 여왕 캐릭터’입니다. 지금까지도 꽃보다 남자는 SNS 클립을 통해 회자되고 평균 10만 조회수를 기록하고 있으며, 지난 5월 “꽃보다 남자2 가상 캐스팅”이라는 콘텐츠가 네이버 포스트에 발행되었는데 ‘꽃남2를 너무 바라지만 캐스팅은 아무도 대체 불가다’라는 댓글이 과반 이상이었습니다. 즉 아직도 꽃보다 남자와 같은 판타지물에 대한 니즈가 존재하는 것입니다. 이 두 가지 매력요소를 갖춘 것이 여신강림이라고 생각합니다. 여신강림의 두 남자주인공은 모두 꽃보다 남자의 F4를 연상시킬 정도로 수려한 외모, 위험 상황에서 구해주는 센스, 부족할 것 없는 재력을 가지고 있습니다. 더군다나 완벽한 두 남성이 모두 여자 주인공만 해바라기처럼 바라보며, 임주경을 두고 싸움을 하기까지 합니다. 이것은 저를 포함해 F1324의 대리만족을 일으키는 요소입니다. 꽃보다 남자 이후 많은 로맨스코미디 드라마, 웹툰, 영화가 출간되었지만 비현실적인 배경, 주인공과 치열한 삼각관계를 다룬 것은 없었기 때문에 여신강림이 이러한 니즈를 충족시켜 재미있게 소비하고 있습니다."
동기/포부,퍼포먼스마케팅 - 네이버웹툰,"네이버웹툰 글로벌 퍼포먼스 마케터의 인재상은 무엇이라고 생각하며, 본인이 해당 포지션에 적합한 이유를 설명해주세요.","[데이터해석과 디자인에 능한 만능 퍼포먼스 마케터]
이 시대는 융합형 인재가 필요합니다. 특히 퍼포먼스 마케팅은 다양한 산업 분야에서의 경계가 사라지고 있습니다. 성공적인 마케팅을 위해선 ‘감’이 아닌 IT/빅데이터 기반 인사이트를 발굴해야 하며, 콘텐츠 USP와 Selling point를 바로 알아 작은 디지털 배너 한 장을 통해 매력을 어필해야 합니다.

유저 행동 데이터는 지금도 축적되고 있습니다. 이전엔 정리되지 않았던 데이터와 AI를 활용해개인화된 가치를 제공하는 것이 퍼포먼스 마케터의 숙제입니다. 이를 위해 데이터 활용을 통한 인사이트 발굴 경험을 쌓았습니다. 농심 브랜드전략 공모전 당시 ‘MZ세대 라면 가치 제고’를 주제로 마케팅 전략을 기획했습니다. 직접 경쟁사는 타 라면회사로 뚜렷하였지만, 이는 라면의 가치를 제고해 라면 시장의 파이를 키우는 것과는 관련성이 적었습니다. 그래서 MZ세대에게 라면은 어떤 의미인지, 언제 소비하고 있는지 등 실시간의 타깃 빅데이터를 알아보았습니다. 타깃 미디어인 SNS, blog에 ‘라면’키워드를 중심으로 데이터를 세그먼트에 따라 요약 및 정리하였습니다. 이에 F1524에겐 라면이‘다이어트 적’이었고, M1939에겐 라면은 '항상 맛있는 음식’이었습니다. M1939의 데이터를 기반으로 항상 맛있는 음식이란 곧 ‘항상 실패가 없는 음식’이라는 인사이트를 도출했습니다. 또한 빅데이터 분석 결과 연령대 별 라면 관련 데이터 볼륨과 간접 경쟁사가 달랐습니다. 대학생의 경우 라면이 아닌 레트로트 음식을 선택할 때가 있었고, 직장인의 경우 금전적 여유가 있어 배달음식을 선택할 때가 있었습니다. 그래서 미디어 효율이 우수한 GDN, Fackbook에 개인화 메시지 크리에이티브를 제안하기 위해 M1939를 다시 대학생, 직장인으로 세그먼트 하여 DA를 기획했습니다. 하지만 코로나19 이전 PC방에서 게임을 하며 즐기는 라면에는 차이가 없어 홈 PC방에서 라면이 빠질 수 없다는 것을 공통 DA로 기획했습니다. 타깃 미디어 빅데이터를 기반으로 파고들어 기업의 당면 문제를 해결하는 마케팅을 제안한 결과 우수상을 수상했습니다. 외부환경, 데이터, 현상 등을 살피며 가능성 높은 가설을 세워 검증하고 변화를 주도하는 퍼포먼스 마케터로서 이러한 경험은 밑거름이 될 것이라 확신합니다.
예술이 아닌 타겟을 사로잡는 디자인을 공부하고 있습니다. 비전공자이지만 마케팅에서는 화려한 기술보다는 한눈에 전하고자 하는 메시지를 전달하는 것이 더 중요하다고 생각해 스스로 시도하고 부딪히며 Photoshop과 Procreate Tool을 배웠습니다. 개인 운영 SNS 썸네일을 제작하며 디자인 결과물을 더 많은 사람과 공유하고 평가받고 싶다는 생각을 하였습니다. 재능공유플랫폼에 크리에이티브를 기재해 네이버 인플루언서와 협업하여 푸드 메인판에 노출되는 콘텐츠 썸네일 제작을 하였습니다. 프랜차이즈 카페 치즈케이크를 비교 및 홍보하는 콘텐츠 소재 기획 경험이 기억에 남습니다. 해당 키워드들은 총 월간검색수 1천을 기록하는 저관심 키워드로서 푸드 메인판 노출 시 1초 동안 매력을 어필해 클릭을 유도하는 것이 중요했습니다. 세 가지 중점을 두고 소재를 기획했습니다. 1) 정오에 노출되는 특성상 식욕을 자극하기 위해 작은 디바이스에도 보일 수 있을 정도로 치즈케이크 오브제를 확대할 것, 2) 치즈케이크 각인을 위한 노란색 톤앤매너를 쓸 것, 3) ‘빵맛’이 아닌 ‘치즈맛’을 원하는 소셜빅데이터 분석 결과를 참고해 ‘진짜 치즈를 찾아서’라는 카피를 활용할 것. 그 결과 해당 콘텐츠는 1일 클릭 1만회를 기록했습니다. 실제 디자인을 경험해보고 Tool을 습득하면서 기른 카피작성, 오브제선정, 디자이너 협업 역량은 향후 디지털캠페인 소재를 기획하는 데에 윤활유 역할로서 발휘될 것입니다.

"
기업/아이디어,브랜드마케터 - 마켓컬리,"고객으로서 마켓컬리를 이용해본 적이 있습니까? 
(있을 경우) 본인이 생각하는 마켓컬리는 어떠한 서비스이며 강점과 개선점은 무엇이라고 생각하십니까?","마켓컬리는 ""나를 귀한 사람으로 느끼게 해주는"" 서비스입니다. 
특별한 날, 우울한 날, 축하하고 싶은 날마다 마켓컬리의 서비스를 이용합니다. 컬리 브랜드는 매력적이면서 레어한 상품을 제공하며, 쇼핑하는 나의 가치를 높여줍니다. 새벽 배송 시스템으로 신선한 제품을 하루 만에 받아볼 수 있어, 식품을 구매하며 기대했던 기분을 빠르게 충족시켜 줍니다. ""바쁜 일상 속 건강한 음식을 섭취하며 살아가는 고귀한 나""의 페르소나를 형성하게 해주는 것이 마켓컬리만이 가진 강점이고, 마켓컬리 충성 고객들의 재구매율이 꾸준히 높은 이유라고 생각합니다. 

[강점]
첫째, 마켓컬리의 깔끔하고 매력적인 상품 디자인 화면은 소비자에게 신뢰를 제공합니다. 구매하는 과정에 있어, 후기만큼 중요한 것이 상품 사진과 설명란입니다. 무해하고 건강한 이미지를 느끼게 해주는 상품 사진들과 신뢰감 있는 상품 설명란을 통해 소비자들의 구매율을 높이고, 컬리의 고급스러운 이미지를 만듭니다. 
둘째, 상품 경쟁력입니다. 소비자로서 식료품을 구매하는 데 있어, 가장 중요한 요건은 상품의 질입니다. 상품을 100% 직매입하는 방식을 선택하여 생산자가 재고 없이 제품에만 집중할 수 있도록 만들어줍니다. 마켓컬리는 특정 성분이 들어간 상품은 팔지 않겠다는 기준을 갖고 있습니다. '오렌지 리콜 사례'에서 볼 수 있듯이 고객의 소리를 빠르게 반영하고, 입고분 전체에 대해 적립금으로 환불하는 조치를 통해, 상품에 대한 경쟁력을 높이고 소비자들에게 품질의 신뢰도를 보장합니다.

[개선점]
"" 마켓컬리와 미디어 커머스 시장의 콜라보 "" 
마켓컬리를 이용하며, ""컬리에서 파는 신선한 식재료를 더욱 맛있게 먹는 방법이 무엇이 있을까?"" 고민했습니다. kurly's pick과 같이 레시피가 나와 있는 식재료도 있지만, 다양한 레시피가 없는 상품들도 많습니다. 또한, 레시피가 적혀있더라도 단순히 글로만 설명되어 있어, 실제 적용하기는 어렵습니다. 요리가 서투른 2030, 바쁜 일상으로 인해 포털사이트에서 레시피를 찾기 귀찮은 3040 등 레시피가 필요한 다양한 고객군이 있습니다. 따라서 그들의 수요를 충족할만한 레시피 항목이 추가되어야 한다고 생각합니다.
 비대면 시대를 맞아 미디어 커머스에 대한 수요가 점점 더 높아지고 있습니다. '아내의 식탁' 플랫폼의 경우 국내 최대 레시피 플랫폼으로, 효과적인 음식 콘텐츠를 제공하여 소비자들에게 편의를 제공하며 커머스 분야로도 시장을 확대 중입니다. 마켓컬리는 커머스에 강한 기업이나, 상품 사진의 퀄리티, 대규모의 빅데이터 등을 활용해 충분히 고객의 니즈를 충족하는 레시피 동영상을 만들 수 있습니다. 단순히 글과 사진으로 설명하기보다, 동영상 콘텐츠를 소비자에게 제공할 때, 더욱 소비자의 신뢰도와 편의가 높아질 수 있습니다.
 레시피 콘텐츠의 경우, 두 가지 방법이 있습니다. 첫째, 업계에서 유명한 요리 연구가들을 이용해 콘텐츠를 제작하는 방법입니다. 이는 비용은 많이 들지만, 소비자들의 신뢰도를 높일 수 있습니다. 둘째, 마켓컬리의 상품 고객 후기를 보면, 베스트 후기에 종종 레시피가 함께 올라와 있는 경우가 많습니다. 고객 참여를 통해 레시피를 만들 수 있습니다. 이는 고객 참여도를 높여 더욱 많은 충성고객을 만들 수 있고, 소비자들이 함께 만들어간다는 가치를 제공할 수 있습니다. 
 다양한 온라인 식료품 커머스업체가 경쟁하는 시장 속에서, 미디어 콘텐츠의 제공으로 마켓컬리만의 차별점을 찾을 수 있고, 신규고객의 유입과 기존 고객의 재구매율을 높일 수 있습니다."
협업/성과,마케팅 - 현대백화점,"본인이 주도적으로 팀을 이끌어 목표에 도전해본 경험에 대해 기술해주세요. (쉽지 않은 목표에 도전한 이유, 팀 내 본인의 역할, 도전과정에서 어려웠던 점, 극복한 방법 등)","대학교 3학년때, D.CAMP 스타트업 익스턴십 프로그램에서 와이오엘오 소속으로 해외직구 서비스의 기획 업무를 맡아 팀장으로 팀 빌딩을 수행한 경험이 있습니다. 저희 팀이 직면은 문제는 총 2가지였는데 50만원의 지원금으로 3개월 동안의 기획과 마케팅 활동에 충당해야 하는 것과, 동종 업계의 비교 대상이 없어 표본이 절대적으로 부족한 것이었습니다.
이러한 문제에 직면했을 때 저는 우선순위를 두어 일을 처리했습니다. 먼저, 여행의 직구 서비스를 이용한 뒤 플랫폼의 UI, UX, 콘텐츠의 질과 양 등의 정보를 수집했으며, 지인들을 통해 고객들의 의견을 담은 설문조사로 부족한 표본을 보완해 나갔습니다. 이를 활용해 서비스 홍보 영상에 대한 시나리오 초안을 완성할 수 있었습니다. 예산과 관련해서는 여행의 직구 서비스에서만 판매하는 상품들을 영상 소품으로 활용하는 등 주변에 활용할 수 있는 자원과 상황들을 최대한 활용했습니다.
이러한 과정에서 매끄러운 업무 처리를 위해 정확한 자료를 수집하는 것과 상대가 원하는 것을 신속 정확하게 파악하고 제공해야 한다는 것이 프로젝트에 있어 얼마나 중요하고 필수적인지 직접 체득할 수 있었습니다. 2개의 홍보 영상은 서비스 공식 SNS 계정에 업로드 되었으며, 이를 통해 한정된 자원으로도 주변의 자원과 상황을 활용해 문제를 타개할 수 있는 능력을 키웠습니다. 저의 예산 활용 및 유기적인 상황 대처 역량은 현대백화점의 상품 및 서비스 기획에 대한 예산 편성과 회원 응대 등 전반적인 마케팅 업무에서 효율적으로 자원을 활용하는 데 유용하게 쓰일 것입니다.

"
협업/성과,마케팅 - 현대백화점,"다른 사람들이 당연하게 여겨 의식하지 못했던 비효율적인 것에 대해 문제를 제기하여 해결한 경험에 대해 기술해주세요. (문제인식 과정 및 문제라고 생각한 이유, 문제해결 과정, 그 과정에서 느낀점 등)","SK텔레콤 T프렌즈 활동 중 0브랜드와 관련하여 팀 단위로 홍보영상을 제작한 경험이 있습니다. 저희 팀은 “영상제작 방법과 장르”에 있어 기존에 행해지던 방식과 차별점을 두었습니다. 작성한 시나리오에 따라 영상을 제작하는 기존 방식과 다르게 기본 줄거리만 작성하고 작업을 수행하면서 시나리오를 수정하거나 아이디어를 제시하는 방법으로 살을 붙여 나갔습니다. 영상 장르에서도 일상 지향적이고 미래적인 분위기의 기존 SK텔레콤의 홍보물과는 다르게 B급 장르를 목표로 콘텐츠를 제작했습니다.
이는 영상 콘텐츠를 제작하는 데 주어진 시간이 한 달도 안되었다는 점이 컸으며, 콘텐츠 제작에 대한 팀원들의 성향이 저와 비슷했기 때문에 새로운 방식이 잘 적용되었습니다. 새로운 방식의 특성상 수시로 의견이 공유되어야 하기에 하루의 절반은 회의와 아이디어 기획에 시간을 할애할 수밖에 없었습니다. 우선 0브랜드의 서비스들을 분석한 결과 0캠퍼스의 데이터와 클라우드 서비스를 중점으로 콘텐츠의 목표를 설정했습니다. 팝아트 및 픽토그램 등의 CG와 EDM풍의 OST를 사용하여 B급 콘텐츠를 강조하였고, 0브랜드의 제품을 소품으로 사용해 브랜드를 강조하도록 영상의 구도를 설정했습니다.
이와 같은 노력으로 0브랜드 미션에서 최우수 콘텐츠에 선정되어 사내 홍보영상으로 사용되었으며 이는 제가 우수활동자로 수료하는 데 큰 영향을 끼쳤습니다. 기존의 방식과 어우러지면서 저만의 독창적인 방식으로 새로운 것들을 수용하는 저의 역량은 현대백화점의 사내 프로젝트에 새로운 활로를 불어넣어 시너지를 낼 것이며 이를 통해 저 자신도 성장하고 싶습니다.
"
협업/성과,마케팅 - 현대백화점,"서로 다른 사고방식이나 환경을 가진 사람들과 과제를 수행하면서 팀워크를 형성하기 위해 노력했던 경험에 대해 기술해주세요. (팀워크를 형성하려 했던 이유, 본인의 행동과 결과, 그 과정에서 느낀점 등)","롯데대학생서포터즈 U-프렌즈를 활동하는 중 다음 기수를 모집하는 홍보영상을 제작하는 팀 활동을 수행했습니다. 활동 초기 롯데플레져박스에 대한 홍보 영상을 팀 규모로 제작한 경험을 통해 영상 제작 활동은 촬영과 편집 등 다양한 역할을 혼자 맡아서 하기에 시간과 인력이 부족하다는 것을 판단했습니다.
우선 팀원들과 사전 회의를 진행했는데 영상 장르에 대해 의견을 나눈 결과 B급과 웹드라마로 장르가 나누어졌고 투표를 진행해 웹드라마로 장르를 결정했습니다. 저는 영상 편집에 대한 지식이 없어 편집 작업에 참여할 수 없었던 저는 대신 구상한 시나리오에 따라 촬영 장소를 선정하고 예산을 분배하는 역할을 맡았고 팀 활동비로 받은 20만원을 관리하여 장소를 대관하고 소품을 구매하는 데 사용했습니다.
모든 팀원들이 프로젝트에 대한 참여도는 높았지만, 장르에 있어 B급 감성 의견을 강력히 어필하는 팀원이 뜻을 굽히지 않아 시나리오 구상에 있어 차질이 발생했습니다. 저희 팀은 긴급회의를 열어 전제적인 방식은 웹드라마로 진행하되 영상 마지막 부분에 “밈” 형식의 영상을 추가하거나 몇몇 대사에 유머가 들어가도록 수정하는 방향으로 제안하였고 다행히 의견이 반영되어 무사히 영상 제작을 마칠 수 있었습니다.
많은 팀원들의 의견이 반영된 것에 비해 영상은 난잡하지 않고 자연스럽게 녹아들었고 준수한 퀄리티라는 점이 긍정적으로 평가받아 최우수 영상으로 선정되어 공식 SNS에 홍보영상으로 게시되었습니다. 이렇듯 상황에 따른 문제 대처 능력과 소통 역량을 향상시키고 실무에 필요한 역량을 키워나갈 수 있는 현대백화점의 인재로 성장하겠습니다."
기업/아이디어,마케팅 - 현대백화점,"평소 현대백화점(백화점, 아울렛, 더현대닷컴/현대식품관투홈 등 온라인몰)을 이용하며 느꼈던 장단점을 제시하고, 현대백화점의 경쟁력을 제고할 수 있는 아이디어를 제시하시오.","최근 더현대를 알아보면서 고객의 입장에서 장단점을 생각해 보았습니다. 여기서 제가 찾은 키 포인트는 바로 ""점포의 수"" 입니다. 동종업계 백화점들과 달리 더현대는 상대적으로 점포를 적게 보유하고 있지만, 점포 내 시그니처 브랜드가 점포의 희소성과 맞물려 ""고급화""라는 특성을 얻었습니다. 하지만, 16곳의 백화점과 8곳의 아울렛은 수치상으로도 적은 수이며, 대부분이 수도권과 영남에 몰려있다는 것은 고객 유치에 있어 불리하다는 것이 사실입니다.

""개성을 부여하여 '가심비' 잡기""
이를 통해 지점을 늘리는 것이 확실하겠지만 예산상으로도 갑작스러운 점포 확장은 불가능하며, 섣부른 지점 확장은 희소성을 통해 얻은 고급화 이미지를 잃을 수 있습니다. 그렇기에 저는 현재 운영중인 점포에 ""개성""을 부여하여 고객들이 매장을 직접 찾아오도록 만드는 것을 제안드리고자 합니다. 각 매장마다 지역의 특성을 살린 시그니처 콘크리트가 베스트 메뉴인 ""쉐이크쉑""처럼 각 지점과 지역의 특색을 적절히 결합하여 그 지역에만 존재하는 시그니처 점포를 만든다면 기존의 고급화 이미지와 시너지를 이룰 수 있다고 생각합니다. 
최근에는 가격이 아닌 심적 만족을 기준으로 삼는 ""가심비""가 주목받고 있어 서비스를 질적으로 향상시키는 것이 추세인 만큼 고객들이 안정감을 느끼거나 추억을 연상하도록 만드는 등 컨셉을 설정하여 심리적 욕구를 충족시키는 것이 더욱 효율적입니다. 이미 더현대 서울 및 현대백화점 판교점으로 컨셉을 명확히 잡은 플랫폼이 랜드마크로 자리잡은 경험이 있는 만큼 개성을 부여한 점포들을 운영한다면 충분히 경쟁력을 갖출 수 있을 것입니다."
협업/성과,자산 설계 전문가 - 신한은행,"공동의 목표 달성을 위해 구성원들과 협업하여 이루어낸 성과를 작성해 주세요. 구성원들과의 갈등상황이 있었다면 어떻게 극복하였는지, 팀워크 및 목표달성을 위해 본인은 어떠한 역할을 수행했는지 구체적으로 작성해 주세요.","[동반성장을 만드는 ‘리더’이자 ‘서포터’]
  관세청 정책기자 팀장을 역임했던 1년 동안 구성원과 팀의 성장 모두를 이루었습니다. 기자팀 팀장으로서 팀 성과 1위라는 목표를 제시하고 조직 업무 배치 및 개인 기사작성 관리 업무를 수행했습니다.
  업무를 배치할 때는 팀원의 성향을 고려하였습니다. 이는 업무 효율도를 높이는데 도움이 되었습니다. 그러나 '특송 통관' 카드뉴스를 제작할 때, 팀원 한 명이 팀에서 이탈하는 상황이 있었습니다. 분배된 업무에 대한 자신감 부족이 원인이었습니다. 저는 해당 팀원에게 업무를 재교육하여 다시 협력하는 관계를 만들었습니다. 이 경험을 통해 업무 분배에 더 신중을 기하게 되었습니다.
  또한, 개인의 성과가 모여 팀 성과를 만들어낸다는 믿음을 가지고 구성원의 개인 기사 작성을 도왔습니다. 전해 우수 기사로 선정된 글들을 공유하고, 법령 정보 포털 사용법을 안내했습니다. 그리고 솔선수범하여 연간 17건의 기사를 작성하고, 선착순으로 분배되는 취재권을 확보하여 팀원과 분배하였습니다.
  그 결과, 총 5회의 팀 프로젝트 중 4회에서 1등 성적을 거두었습니다. 그리고 팀원 중 한 명은 기자 공로를 인정받아 관세청장 표창을 받는 등 개인적 성장도 이룰 수 있었던 값진 경험이었습니다. 조직을 운영했던 이 경험을 통해, ‘리더’로서의 역할 뿐 아니라 동반 성장을 끌어내기 위한 ‘서포터’의 역할을 배울 수 있었습니다."
역량/경험,자산 설계 전문가 - 신한은행,지원한 직무를 수행하기 위해 필요한 핵심역량은 무엇이라고 생각하며 그 이유는 무엇인지 설명해 주세요.,"WM 직무를 수행하기 위해 갖춰야 할 역량은 크게 소통 능력과 전문성이라고 생각합니다. 그리고 은행원이 되기 위해 노력하는 과정에서 '소통'과 '전문성'에 대해 새로이 정의할 수 있었습니다.
소통은 고객과 자산 설계 상담을 할 때, 고객의 재무적, 비재무적 정보를 얻고자 경청하는 자세입니다. 상품을 안내하기 전 고객의 투자 성향 및 위험 감수 성향 등을 사전에 정확하게 파악해야 재무 목적을 달성할 수 있습니다. 
전문성은 고객에게 적합한 상품을 찾는 데 필요한 지식 함양과 스스로 더욱 발전하려는 마음가짐입니다. 행원은 경제 동향과 자산 시장, 투자에 대한 이해를 바탕으로 고객이 원하는 서비스를 제공해야 합니다. 더불어, 계속 발전해야 하는 이유는, 금융인에게는 수시로 변화하는 경제 동향과 금융법을 빠르게 파악하여 고객에게 최신 정보를 전달할 의무가 있기 때문입니다.
두 역량을 키우기 위한 자기개발은 자신에게 도움이 될 뿐 아니라 고객과 지점에도 긍정적 영향을 줄 것입니다."
역량/경험,자산 설계 전문가 - 신한은행,그 역량을 갖추기 위해 본인이 어떠한 노력을 기울였는지 구체적으로 기술해 주세요.,"첫째, 다양한 활동을 통해 소통 능력을 키웠습니다. 저는 약 2년간의 관세청 정책기자 생활과 3회의 단기 아르바이트 경험으로 해당 역량을 키웠습니다. 다양한 분야의 실무진에게 업무 협조를 요청하고, 취재 허가를 받는 과정에서 또렷한 목소리와 눈 맞춤을 통해 진정한 소통을 할 수 있었습니다. 더불어, 아르바이트할 때 고객이 불편하게 느낄 만한 점을 미리 찾아내어 개선해놓는 등 고객 만족을 실현하기 위해 노력한 바 있습니다.
둘째, WM 직무에 필요한 지식과 경험을 쌓고 있습니다. 신한금융그룹 금융아카데미 수강과 AFPK 공부를 병행하며 자산 설계의 필요성과 재무 설계사가 되기 위해서 갖추어야 하는 역량을 배우고 있습니다. 실제로 주식 투자를 해 보고 고객의 자산 포트폴리오를 만드는 실습을 하면서 실무를 간접적으로 경험하였습니다. 또한, 경제 동향 파악을 위해 시사잡지 및 신문을 구독하여 그 내용을 분석하는 시간을 가지고 있습니다."
동기/포부,자산 설계 전문가 - 신한은행,"지원한 분야에서 펼치고 싶은 꿈이 무엇인지, 그 꿈을 신한은행에서 이루고 싶은 이유는 무엇인지 구체적으로 기술해 주세요.","[미래를 위한 선택]
  자산 관리 필요성에 대한 인식은 해가 갈수록 증가하고 있습니다. 미래를 대비하고자 하는 사람들의 욕구가 반영된 것입니다. 신한은행은 두 가지 형태의 연금 플랜을 주력으로 하여 고객들에게 다양한 선택권을 제공하고 있습니다. 2014년 출범한 신한미래설계 은퇴브랜드는 신한금융그룹의 높은 신용도를 바탕으로 앞으로 많은 고객의 니즈를 만족시킬 수 있을 것입니다. 경제활동의 궁극적 목표인 안정적인 경제생활과 노후 자금 확보는 은행의 존재 이유라고 생각합니다. 
  신한은행에 PWM센터에 들어가 고객의 자산을 운용하고 설계하며 고객 행복과 자신의 성장, 두 마리 토끼를 모두 잡는 미래를 꿈꾸고 있습니다. 먼저, 일반 영업점에서 개인 금융 영업을 하며 대고객 커뮤니케이션 능력을 키우겠습니다. PWM센터는 금융상품뿐 아니라 증권상품도 함께 제시해야 하므로 금융투자분석사 자격을 취득하고, 최종적으로 CFP 자격을 취득하여 신한은행 최고의 자산 설계 전문가가 되겠습니다."
동기/포부,MD - CJ올리브영,지원동기,"어릴 때 얼굴에 아토피를 앓았던 사람으로서 올리브영은 제가 열망하는 두 가지의 집합입니다. 건강과 아름다움을 큐레이팅 한다는 비전은 그 어떤 회사보다 매력적입니다. 얼굴이 가렵고 아픈 것도 문제였지만 보기가 흉해 사람들 앞에 자신감 있게 나서기 어려웠습니다. 자연스럽게 또래 아이들에 비해 건강과 피부에 대한 관심을 일찍 가졌습니다. 좋다는 화장품과 약을 다 찾아 다녀본 적이 있습니다. 결핍되어 본적이 있던 사람의 시각으로 고객들이 원하는 상품을 기획하고 싶습니다.

기획부터 관리까지, 담당 카테고리를 온전히 저의 의도와 책임으로 결과를 내는 MD 직무는 매 단계 성취감을 느낄 수 있다고 생각합니다. MD는 모든 업무를 해내는 원더우먼이 되어야 하는 직무라고 생각합니다. 마케팅을 기본으로 소싱 시에 필요한 협상력, 종합적으로 상품을 보는 안목, 심미적인 역량과 실질적인 이익률 관리 등 그 어떤 직무보다 다양한 능력을 요구한다고 생각됩니다. 하나만 할 때보다 여러 가지 일을 동시에 할 때 더 좋은 결과를 도출해내는 제가 가장 에너지를 쏟을 수 있는 직무라 생각합니다.

올리브영에서 담당 카테고리 신제품을 기획할 시에 명확한 표적 시장선정을 토대로 타겟 고객층의 라이프스타일 분석을 통해 가장 어필될 수 있는 상품을 소싱하겠습니다. 소비하고 나가는 공간이 아닌 머무르며 소비하는 공간으로 만들고 싶습니다. 올리브영의 철학을 느낄 수 있는 공간으로서의 종합 뷰티 플랫폼을 만들고 싶습니다. 대형점포에서는 올리브영 제품 사용을 조건으로 한 미용실 및 뷰티점포를 입점 시켜 소비자들이 만족스러웠던 제품을 올리브영에서 재구매할수있는 One-stop 루트를 기획해보고 싶습니다. 또한 소형점포의 경우 매장 내 공간이 한정된 만큼 효율적인 운영을 위해 매출의 흐름을 바탕으로 한 트렌드 분석으로 SKU관리를 통해 최적 재고를 유지하겠습니다. 고마진 제품과 고회전율 제품의 적절한 조화를 통해 수익을 극대화하는 방법을 모색하겠습니다."
역량/경험,MD - CJ올리브영,"MD 직무 수행 시 필요한 역량은 무엇이라고 생각하며, 해당 역량을 갖추기 위해 그 동안 어떤 노력과 도전을 했나요? 그리고 그 과정에서 겪은 어려움과 극복과정을 구체적으로 설명해주세요.

","MD는 분석력, 통찰력을 기반으로한 전략에 능해야 한다고 생각합니다. 철저한 타켓시장 분석으로 상품 이미지 메이킹을 통해 고객의 욕구를 만족시킨다면 매출로 이어질 것입니다. 기존 매출과 재고 회전률을 분석하여 상품의 유지 및 추후 구매를 결정할 수 있습니다. 또한 주 고객인 20~30대 여성들의 라이프 스타일 분석과 최근의 뷰티 트렌드 분석을 매치하여 유의미한 결과를 가져올 수 있습니다. 추가적으로, 분석된 결과를 어떤 품목에 접목 시킬 시에 이익이 극대화될 수 있는지 판단 할 수 있는 통찰력이 필요합니다.

저는 2018년 11월, 세계에서 가장 큰 뷰티 전시회인 홍콩 COSMOPROF에서 한국 중소기업의 수출을 지원했습니다. 전시회 마지막 날, 사전에 상담이 약속된 바이어가 오지 않아 해당 기업의 실적이 저조하였습니다. 마지막 날이라 새로운 바이어를 발굴하기엔 시간이 촉박하였습니다. 제가 처한 상황에서 가장 최고의 결과를 낼 방법을 고민했습니다. BTB 성격의 전시회지만 일반 방문객이 많다는 점을 이용해 현장 판매를 제안했습니다.

먼저 기업 제품 분석을 통해 홍보 포인트를 찾았습니다. 화이트닝 앰플이 바르는 즉시 효과가 눈에 보인다는 점을 이용해, 화이트닝에 관심이 많은 동남아 고객들을 타겟으로 현장 완판을 기록했습니다. 제품 효과를 그 자리에서 느끼시도록 하였고 저희가 가져온 물량이 많지 않다는 점을 강조했습니다. 또한 부스의 위치가 외진 곳에 있어, 유동인구가 많은 곳으로 자리를 옮겨 지나가는 고객들의 손등에 마스크팩을 잘라 얹어주었습니다. 바이오셀룰로오스 시트의 특이한 촉감과 밀착력을 직접 경험 시켜 드렸습니다. 추가 구매를 원하시는 고객분들이 많아, 연락처를 기업 담당자분께 전달해드렸습니다.

철저히 상황을 분석하여 소비자의 니즈를 충족시킬 수 있는 방법을 고민했습니다. 주어진 상황을 바꿀 수 없다면, 그 안에서 최고의 결과를 끌어내기 위해 노력합니다. 바쁘게 돌아가는 현장이었지만 보람을 느낄 수 있는 경험이었습니다."
기업/아이디어,MD - CJ올리브영,"2020년 대한민국 Health&Beauty Store 트렌드를 한 단어로 정의하고, 본인이 올리브영 MD라면 트렌드를 리딩할 수 있는 어떤 차별화된 카테고리 또는 상품을 도입하고 싶은지 설명해주세요. 그리고 본인이 MD직무를 잘 수행할 수 있는 이유를 자신의 강점과 연관지어 설명해 주세요.","2020년 대한민국 Health&Beauty store 트렌드는 비거니즘이라고 생각합니다. 소비자들이 가치 소비를 시작한 이래로 철학이 담긴 제품이 주목받고 있습니다. 만들어지는 과정과 성분 및 해당 기업의 사회적 역할 또한 소비의 고려 대상이 되었습니다. 건강과 아름다움을 챙기는 동시에 사회와 환경의 긍정적 변화 또한 중요하게 생각하는 것입니다. 저는 이러한 트렌드를 겨냥하여 못난이 과일로 만든 주스를 상품화하고 싶습니다. 외관이 미의 기준에 부합하지 못한다는 이유로 폐기되거나 헐값에 넘어가는 과일로 만든 건강 주스를 소싱하여 밀레니얼 세대의 친환경적인 소비 욕구를 충족시키겠습니다. 진정한 미는 표면적 아름다움을 넘어설 때 있다는 슬로건으로, 성분도 맛도 동일하지만, 겉모습으로 판단되어 버려지는 과일로 만든 주스로 피부 속부터, 환경까지 모두 건강한 소비를 주장하는 상품을 도입하고 싶습니다.

저는 주변에 늘 관심이 많습니다. 누가 무엇을 사용하고 어떤 걸 즐겨 먹으며 선호하는지 주의 깊게 관찰합니다. MD의 타켓은 사람들의 욕구를 찾아낼 수 있는 능력이 필요합니다. 저는 무역 인재양성과정 프로그램을 통해 해외 전시회에서 직접 화장품을 판매해보며 현장에서 능력을 검증해보았습니다. 저의 근원적인 호기심을 바탕으로 소비자 니즈를 알아내고 충족시키겠습니다. 또한 영국 워킹홀리데이에서 카페테리아 재고 발주 및 관리를 해본 경험이 있습니다. 당시 재고가 많은 얼그레이 티백을 한국식 밀크티 출시로 수익을 올리며 재고를 처리했습니다. 올리브영에서 실무감각을 빠르게 익히는 신입 MD가 되겠습니다."
동기/포부,해외영업 - 삼성전자,삼성전자를 지원한 이유와 입사 후 회사에서 이루고 싶은 꿈을 기술하십시오.,"[한계에 도전하는 삶을 삼성에서]
‘인류의 역사는 한계를 향한 도전을 통해 끊임 없이 자유를 확장해 온 여정입니다.’
얼마 전 출시된 갤럭시 폴드 광고의 첫 구절입니다. 저는 한계를 깨고 혁신을 만들어가는 삼성에서 끊임 없이 도전하는 삶을 살고 싶습니다.
1년간 페루에서 일하며 삼성의 브랜드 가치를 다시 한 번 확인할 수 있었습니다. ‘너는 중국인이냐’는 질문에 ‘나는 한국인’이라고 답할 때, 많은 이들이 반갑게 웃으며 사용 중인 삼성폰을 제게 보여주곤 했습니다. 그 때마다 그렇게 뿌듯할 수가 없었습니다. 당시 공공외교를 통해 한국을 알리는 일을 맡고 있던 저는 삼성이야말로 한국을 가장 잘 알리고 있다고 느꼈습니다.

[중남미 지역, 중국 브랜드가 넘볼 수 없는 1위가 되도록]
삼성전자 CE/IM의 무선사업부에서 해외영업을 담당하고 싶습니다. 특히, 저의 스페인어 능력과 중남미 문화권에 대한 이해를 바탕으로 중남미 지역에서 제 역량을 펼쳐 보이고자 합니다. 페루에서 지내는 1년간, 화웨이와 같은 중국 브랜드가 저렴한 가격에 고스펙인 폰들을 연달아 출시하고 있고 평균 소득 수준이 그리 높지 않은 중남미에서 특히나 큰 인기를 끌고 있다는 것을 확인할 수 있었습니다. 중남미 지역, 특히 경제 규모가 큰 브라질과 멕시코에서 중국 브랜드의 공세에 대응하여 삼성 스마트폰 점유율을 멕시코에서 40%, 브라질에서 60% 이상으로 끌어올리고자 합니다."
성장/가치관,해외영업 - 삼성전자,"본인의 성장과정을 간략히 기술하되 현재의 자신에게 가장 큰 영향을 끼친 사건, 인물 등을 포함하여 기술하시기 바랍니다. (※작품속 가상인물도 가능)","[할까 말까 할 땐 하자!]
16살, 가족과의 뉴질랜드 여행 중, 세계 최초 번지 점프대인 카와라우를 방문했습니다. ‘세계 최초’라는 말과 다리 아래의 아름다운 강물빛에 이끌려 번지 점프를 할까 말까 한 시간 내내 고민만 하다 결국 뛰어내리지 못했습니다. 한국에 돌아와 제 인생에서 또 다시 그곳을 방문할 확률이 제로에 가깝다는 사실을 깨달은 순간, 저는 우유부단했던 제 자신을 원망했습니다. 그리고‘할까 말까 고민이 될 때는 무조건 해야 한다’라는 교훈을 얻었습니다.
5년이 지나 저는 스위스를 방문했고, 한치의 망설임도 없이 스카이 다이빙에 도전했습니다. 두려움 때문에 포기한다면 정말 너무 후회할 것이라는 것을 알았기 때문에 눈을 질끈 감고 비행기에서 뛰어내렸습니다. 하늘에서 본 스위스는 지금도 눈을 감으면 생생하게 떠올릴 수 있을 정도로 아름다웠습니다. 착지한 후, 저는 다시 한 번 행동해서 후회하는 것보다 하지 않아서 후회하는 것이 더욱 더 견디기 어렵다는 사실을 확인했습니다.
사람이라면 누구나 해오던 것이 아닌 새로운 도전의 기회가 주어지면 망설이게 됩니다. 그러나 저는 위의 두 사건 이후, 과감히 도전을 선택하는 사람이 되었고 남들보다 훨씬 다양한 경험을 할 수 있었습니다.

[페루 인턴 생활 : 나 자신에 대해 알아가다]
스페인어를 마스터하고자 주페루 한국대사관 공공외교 인턴에 지원했습니다. 급하게 휴학도 해야 했고 전공과는 크게 관련이 없는 업무였지만 결과적으로 저의 진로 설정에 가장 큰 영향을 준 결정이었습니다.
페루 생활 3개월 만에 자교 서어서문학과 졸업요건인 DELE B2를 취득할 정도로 스페인어 실력이 빠르게 늘었고 그 덕에 대사관 인턴에 이어 코트라 인턴 자리를 얻을 수 있었습니다. 코트라에서는 시장 조사 및 보고서 작성, 현지 바이어 탐색 및 컨택, 비즈니스 미팅 주선 등의 업무를 맡아 즐겁게 일했습니다. 페루에서의 1년을 통해 저는 제가 외국어에 큰 흥미와 재능을 갖고 있으며 다양한 문화권의 사람들과 커뮤니케이션하는 것을 즐긴다는 것을 깨달았고 커리어를 해외영업으로 구체화할 수 있었습니다.

[제조업 학회 : 새로운 분야에 대한 도전을 두려워하지 않게 되다]
경제학에만 매몰되지 않기 위해 기술경영 복수전공을 시작했고 교내 제조업 학회에 조인했습니다. 공대 수업을 잘 따라갈 수 있을지, 제조업 학회 활동이 무리 없이 가능할지 등 걱정이 앞섰지만, 좋은 성적을 거두었을 뿐만 아니라 학회 부회장이 되어 학회를 이끌어 나가기까지 했습니다.
복수전공과 학회 활동을 통해 남들보다 베이스가 부족하더라도 그들보다 더 많은 노력과 시간을 들임으로써 부족함을 충분히 메울 수 있다는 것을 깨달았고 남들보다 더 압축적인 성장이 가능하다는 긍정적인 측면도 발견했습니다. 그 덕에 저는 자신 있게 BCG의 시스템 반도체 신사업팀에 지원했고 그곳에서 인턴으로 일하는 2달 간 학부생으로서 배우기 어려운 수준의 내용들까지도 습득할 수 있었습니다."
협업/성과,해외영업 - 삼성전자,"본인의 경험 중 다양한 배경과 생각을 가진 사람들과 의견을 조율하여 문제를 해결한 경험에 대해 기술해 주시기 바랍니다. (당시 상황, 본인의 해결방법, 결과 포함)","IT수업을 맡을 컴퓨터 전공생 2명과 저와 함께 문화수업과 IT수업 동시통역을 맡을 스페인어 구사자 1명과 팀을 이루어 참여한 코스타리카 IT봉사활동 중 두 가지 갈등이 있었습니다.
 첫째로 IT수업 수강생이 대학생부터 노인분들까지 다양하다 보니 이해도에 큰 차이가 있었고 적정한 수업 난이도에 대한 생각이 달랐습니다. 저는 배움의 기회를 얻기 어려운 노인분들까지도 포용할 수 있는 비교적 낮은 수준으로 수업이 진행되어야 한다고 생각했고 다른 팀원들은 준비해 간 내용을 모두 전달함으로써 수준 높은 수업을 만들고 싶어했습니다.
 고심 끝에 저는 동시통역자로서의 역할을 뛰어 넘어 노인분들을 대상으로 보충수업을 진행하기로 결심했습니다. 보충수업을 통해 이해도의 차이를 줄인다면 정규수업 또한 훨씬 더 원활할 것이라는 점을 다른 팀원들에게 강조했고 협조를 구했습니다. IT수업 담당자들은 보충수업용 쉬운 예제를 만들어 주었고 다른 동시통역 담당자는 제가 진행하는 보충수업에 함께 참여하여 저를 도와 주었습니다. 이러한 노력 끝에 단 한 명의 중도 포기자 없이 교육을 마칠 수 있었습니다.
 둘째로 현지 IT센터 관계자들과의 문화차이로 인해 일주일간 불편하게 지냈습니다. 현지 관계자들은 주말마다 저희가 자기네 집을 방문해 함께 어울리고 대가족 여행에 참여하길 바라는 동시에, 저희가 자신들을 저희 숙소에 초대하길 기대했는데 저희로써는 이해하기 어려운 요구였습니다. 
 진솔한 대화를 통해 저희는 외식을 할 금전적 여유가 없는 코스타리카 사람들에게 집은 좋은 모임의 장소이고 대가족 여행은 손님대접이라는 것을, 그들은 저희에게 집은 굉장히 사적인 휴식의 공간이고 대가족 여행은 스페인어를 할 줄 모르는 팀원 두 명에게는 너무나도 불편하고 피곤한 자리라는 것을 알게 되었습니다. 그래서 그들은 대가족 여행 대신 대가족 저녁 식사자리를 마련했고 저희는 그들을 숙소에 초대하는 대신 그들의 집을 방문하여 한국 요리를 대접했습니다. 서로의 문화에 대한 이해와 존중을 바탕으로 갈등을 해결할 수 있었습니다."
동기/포부,식품마케팅 - CJ제일제당,CJ제일제당에 지원하게 된 동기와 여러 지원자들 중 본인이 'ONLYONE' 이라고 생각하는 부분은 무엇인지 작성해 주십시오.,"[개척하는 실행력]
제 ONLYEONE은 목표 달성을 위해 밀고 나가는 실행력이며 이는 제품출시부터 유통관리까지 PLC를 관리하는 마케터에게 꼭 필요한 자질이라 생각합니다. 이는 두 번의 인턴 경험을 통해 증명할 수 있습니다. 컨설팅펌 근무 당시 필요한 자료 인터넷에서 얻을 수 없을 때, 해당 논문의 연구 집필진을 찾아 메일문의를 드려 얻어내는가 하면, 20곳이 넘는 기업들에 전화해 공장 가동률과 같은 정보를 얻어내 프로젝트의 원활한 이행에 이바지할 수 있었습니다. 또한, 스타트업 기획팀에서 일하며 성과지표 분석을 바탕으로 KPI 달성을 위해 소비자의 니즈에 부합하는 이벤트를 직접 기획하고 진행했고, 기존 지표보다 4배 높은 성과를 달성할 수 있었습니다.

[사회학적 통찰력을 가진 CJ제일제당 식품 마케터]
""음식을 만들고 먹는 과정은 자연을 문화로 변화시키는 과정이다"". 이는 <음식과 사회>를 주제로 식품산업에 대해 공부하던 사회학 수업에서 가장 인상 깊었던 말입니다. 이 수업을 계기로 사회학적 통찰력을 바탕으로 사람들에게 더 건강하고 즐거운 식문화를 제공하는 식품 마케터의 꿈을 갖게 되었습니다.
그리고 CJ제일제당의 25개의 다양한 제품포트폴리오를 다루며 폭넓은 시야로 식품산업을 보는 힘을 키우고 싶습니다. 또 수산HMR, 케어푸드 등의 신제품 개발 을 통해 식문화를 선도하는 것은 비건 한식품을 통한 한식의 글로벌화라는 제 커리어 비전을 실현할 수 있는 매력적인 기업입니다. 저의 ONLYONE, 실행력을 바탕으로 CJ제일제당과 함께 더 나은 식문화를 만들어나가는 과정 이바지 하고 싶습니다."
역량/경험,식품마케팅 - CJ제일제당,"본인이 지원한 직무 수행시 필요하다고 생각하는 역량을 중심으로 직무를 정의해보고, 해당 직무를 본인이 잘 수행할 수 있다고 판단하는 근거를 기술해주십시오. (본인의 강점, 가치관, 관련 경험에 근거)","마케터는 '소비자의 니즈를 파악'하고 이를 제품 기획과 마케팅 커뮤니케이션에 적용할 수 있는 '창의적 해결 능력'이 필요하다고 생각합니다.

[새로운 마케팅 전략으로 학회 지원율 300% 증가]
경영전략학회의 이전 리쿠르팅의 지원자수가 저조했었습니다. 이를 극복하기 위해 새로운 리쿠르팅 전략을 모색해야했습니다. 이를 위해 학생들을 대상으로 Survey와 FGI를 실시했고, 경영 비전공생들이 체계적으로 경영학을 학습할 수 있는 것을 원한다는 것을 알 수 있었습니다. 그래서 체계적인 학회 커리큘럼과 비경영 학회원들이 성공적으로 원하는 진로에 간 사례들을 강조하는 마케팅 커뮤니케이션 전략을 수립하여 그 결과 지원자 수가 300% 급증해 우수한 학생들을 성공적으로 모집할 수 있었습니다.

[창의적 서비스 UX 개선]
오프라인 모임 서비스를 제공하는 스타트업에서 근무했을 당시 유저들의 경험 프로세스를 분석하여 페인 포인트를 발견해 창의적으로 해결책을 모색한 적이 있습니다. 서비스 특성상 모임 규칙을 어기는 악성 유저를 신속히 발견하여 대응하는 것이 중요해 신고 활성화 방안을 모색했어야 했습니다. 유저들이 모임 참석 후 안부 인사를 위해 앱을 다시 들어온다는 점을 발견했고, 평균 모임 종료 시각에 맞춰 모임 후기를 알려달라는 팝업을 띄우는 아이디어를 고안해 냈습니다. 그 결과 이전보다 신고 건이 20% 증가해 악성 유저를 보다 빨리 발견해 대응함으로써 서비스 만족도를 높이는데 기여할 수 있었습니다.

이렇게 지금까지 쌓아온 역량은 CJ제일제당의 식품마케팅 직무를 수행하는 데 있어 도움이 될 것으로 생각합니다."
기업/아이디어,식품마케팅 - CJ제일제당,"CJ제일제당이 속한 식품산업군은 급속한 환경의 변화가 이루어지는 시장입니다. 식품산업군의 지원 직무 Specialist로 어떤 미래를 그리고 싶은지, 본인의 성장 계획을 작성해주십시오.","<K-Vegan Wave를 꿈꾸며>
비건 한식 제품을 개발해 한식의 글로벌화를 이끄는 마케터가 되고 싶습니다. 식품산업의 미래에 대해 고민할 수 있었던 사회학 수업과 함께, 호주 교환학생 경험을 통해 이런 커리어 비전을 갖게 되었습니다. 글루텐프리, 락토프리와 같은 다양한 식품 선택지가 있는 환경에서 생활하며 우리나라 또한 다양한 취향이 존중되는 식문화로 나아갈 필요성을 느꼈습니다. 또한, 채식을 실천하면서 한식을 즐겨 먹기 시작했다는 현지 친구를 만나면서 한식이 비건 시장에 큰 경쟁력을 가질 수 있다는 것을 직감했습니다. 실제로 글로벌 대체 육류시장은 2025년 75억 달러로 성장할 것으로 전망되며, 국내 채식 인구 또한 2008년 15만에서 2019년 150만으로 10배가량 성장함으로써 비건 시장은 중요한 미래 먹거리 시장으로 주목받고 있습니다. 따라서 K-Food의 글로벌화를 목표로 하는 CJ제일제당에게 비건 식품 개발은 필수라고 생각합니다.

저는 이러한 커리어 비전을 이루기 위해 입사 후 1~2년 동안 상품개발팀에서 시장분석과 소비자 조사를 수행하며 새로운 상품을 기획할 수 있는 역량을 갖출 것입니다. 그리고 3년 차에는 25개의 브랜드 중 한 브랜드를 맡아 매출 손익, SKU 관리 등의 업무를 수행하며 PLC 관리 능력 배양에 힘쓸 것입니다. 이후 해외법인에 파견되어 현지 비건 시장조사를 통해 인사이트를 발굴할 것입니다. 이를 바탕으로 글로벌화에 힘쓰고 있는 비비고와 같은 기존 브랜드에 비건 라인을 출시하거나, 새로운 비건 브랜드를 개발함으로써 CJ제일제당의 글로벌 위상에 이바지하고 싶습니다."
동기/포부,패션부문 경영지원 - 삼성물산,삼성물산(패션)을 지원한 이유와 입사 후 회사에서 이루고 싶은 꿈을 기술하십시오.,"유행하는 옷을 무작정 소비하기 보다는, 나의 스타일에 대해 먼저 고민하는 저에게, 패션이란 자신을 가장 잘 표현할 수 있는 강력한 비언어적 도구입니다. 이러한 패션에 대한 가치관을 바탕으로 여러 패션 기업의 경영전략 공모전에 꾸준히 참여해왔습니다. 그 과정에서 트렌드 분석뿐만 아니라 직접 설문조사와 FGI를 통해 소비자의 의견도 수집함으로써 패션 산업 전반에 대해 더욱 깊이 있는 시각을 가질 수 있었습니다. 또한 브랜드 컨셉부터 마케팅 전략까지 기획하는 과정에서 다양한 아이디어들을 도출하고 개선하는 연습을 많이 해왔기에, 적재적소에 필요한 전략 제언을 잘 해낼 수 있습니다.

입사 후, 삼성물산의 온라인 몰이 신규 고객을 더욱 확보할 수 있는 전략을 기획해보고 싶습니다. 자사는 젊은 세대가 선호하는 브랜드를 많이 보유하고 있으며, 그들과 소통을 확대하고 브랜딩을 강화하기 위해 다양한 콘텐츠를 마련하고 있습니다. 하지만 실질적인 구매로 이어질 수 있는 온라인 몰에 대한 인지도가 상대적으로 부족하다고 생각되며, 가격과 리뷰에 민감한 젊은 세대들의 니즈를 공략하는 방향으로의 홍보 전략이 필요해 보입니다. 자사가 가진 강점을 활용하여 MZ세대가 본인들의 정체성을 표현하기 위한 패션에 대해 고민할 때, SSF SHOP 이 확실한 선택지가 될 수 있도록 저의 역량을 발휘하고 싶습니다."
동기/포부,기획직 - 제일기획,제일기획을 지원한 이유와 입사 후 회사에서 이루고 싶은 꿈을 기술하십시오.,"“평범한 게 싫다면, 사물놀이하세요!”
이 카피는 중학생 때 사물놀이 동아리 홍보를 위해 제가 작성했던 것입니다 . ‘사물놀이는 너무 특이해서 부담스럽다’는 주변 사람들의 의견을 듣고, 남들보다 튀고 싶은 중학생들의 심리를 활용했습니다. 어떤 문제를 파악하고 이를 해결하기 위해 누군가에게 전달할 메시지를 구상한 경험은 이때가 처음이었습니다. 이후 여러 경험 을 하면서 깨달은 점은, 제가 사람들과 함께 아이디어를 짜내고 결과물을 만들어 누군가에게 선보이는 걸 즐긴다는 점입니다. 이로써 어릴 때부터 TV 속 광고 보는 것을 좋아했던 저는 자연스레 ‘광고기획자’를 꿈꾸게 되었습니다.
광고기획자를 꿈꾸는 학생으로서, 제일기획은 저에게 최고의 선택지입니다. 국내 광고 흐름을 파악하기 위해 2022년 대한민국 광고대상 수상작을 살펴봤는데, 총 72개 중 22개가 제일기획 의 작품인 걸 보고 회사의 역량 을 가늠할 수 있었습니다. 또한 다양한 마케팅 영역을 ‘연결 ’하여 최적의 비즈니스 솔루션을 제공한다는 제일기획의 비전에 공감하였습니다. 저 역시 이러한 비전에 기여하는 동시에 훌륭한 구성원들과 함께 일하며 성장하고 싶습니다. 세상에 대한 세심한 관찰을 바탕으로 좋은 전략을 수립하고, 대인 커뮤니케이션 역량을 발휘하여 클라이언트와 소비자 사이의 ‘브리지’ 역할을 톡톡히 해내는 기획자가 되겠습니다."
성장/가치관,패션부문 경영지원 - 삼성물산,"본인의 성장과정을 간략히 기술하되 현재의 자신에게 가장 큰 영향을 끼친 사건, 인물 등을 포함하여 기술하시기 바랍니다. (※작품속 가상인물도 가능)","[나를 위한 삶을 꿈꾸다]

카프카의 '변신' 속 주인공 그레고르는 한평생 가족의 생계를 위해 헌신하며 살아오던 중, 어느 날 갑자기 벌레로 변하게 되어 쓸모 없어지자 가족들로부터 버림받아 죽고 마는 인물입니다. 이런 충격적인 서사를 보면서 그와 다른 삶의 목표를 갖게 되었습니다. 고군분투하며 치열하게 살아나가는 것도 값지지만, 때로는 나 자신을 돌보며 가꿔 나가는 시간 또한 필요하다는 것을 말입니다. 그런 저에게, 나를 위한 시간을 선물해 주는 것이 바로 뷰티와 패션입니다. 원하는 스타일 대로 나를 디자인하며, 매번 다양한 데일리 룩을 SNS에 업로드하는 시간은 저에게 가장 큰 힐링입니다. 그 때마다 저의 패션에 대한 친구들의 열띤 반응과 옷 정보를 물어보는 댓글들을 보면서 패션에 대해 더욱 의욕과 흥미를 느끼게 되었습니다.

[현장에서 배우다]

패션에 대한 관심에서 시작하여, 의류 매장에서 직접 일을 해보고 싶었습니다. 처음 탑텐에서 일을 하게 되었을 때는 단순 매장 정리, 상품 전시 등의 역할을 주로 했지만 점차 고객들과 소통할 수 있는 기회가 많아졌습니다. 연령대에 맞는 옷과 사이즈 추천 등 저의 의견을 물어보시는 분들도 많았고 실제로 제가 추천한 상품이 구매로 이어질 때면 묘한 성취감을 느꼈습니다. 또한 앞으로 고객들에게 더 자신 있게 추천해 드리기 위해서는 그 제품에 대한 확신이 필요하다는 생각에, 고객의 입장에서 품질을 더욱 꼼꼼히 따져보게 되었습니다. 이러한 과정을 통해 고객의 성별이나 연령별 선호도를 분석할 수 있었고, 자신감이 더해져 고객 맞춤 응대를 더 잘할 수 있어서 일 자체에 재미가 붙었습니다. 이에 더불어, 소비자의 니즈에 맞는 상품을 찾고 최적의 홍보 전략을 수립하여 그들의 마음을 사로잡는 일에 매력을 느끼게 되었습니다.

[실제 기업의 문제를 마주하다]

코오롱 FnC와의 산학협력은 실제 패션 기업의 문제 상황에서 신규 브랜드를 기획하여 그에 맞는 마케팅 전략 도출까지 해볼 수 있었던 좋은 기회였습니다. 처음에는 친환경 소비 트렌드를 반영하여 ‘비건레더 브랜드’를 제안하였습니다. 하지만, 기업 측에서 카니발리제이션을 우려하여 구체화했던 전략들이 모두 엎어졌습니다. 그래서 원점으로 돌아가, 먼저 자사가 집중하고 있는 패션분야와 기존 방향성에 대해 분석해보았습니다. 그 과정에서 자사는 젊은 세대 유입을 위한 새로운 이미지를 원하지만, 젊은 세대가 가장 많이 알고 있는 브랜드인 코오롱 스포츠부터 올드하다는 이미지의 문제점을 찾았습니다. 그 후, 기존 코오롱 스포츠의 인지도는 활용하되 서브 브랜드 런칭이라는 새로운 목표를 잡을 수 있었습니다. 이를 통해 전략 기획에 있어서 자사의 기존 방향성과 목표에 대한 정확한 분석이 반드시 뒷받침이 되어야 한다는 사실을 깨달을 수 있었습니다.

저의 패션에 대한 열정과 경험을 똘똘 뭉쳐 단순히 타겟 소비자의 니즈를 중점으로 한 전략에서 끝나는 것이 아니라 기존 자사의 방향성과 함께 시너지 효과를 이끌어낼 수 있는 방안까지 찾아내는 인재가 되겠습니다."
성장/가치관,기획직 - 제일기획,"본인의 성장과정을 간략히 기술하되 현재의 자신에게 가장 큰 영향을 끼친 사건, 인물 등을 포함하여 기술하시기 바랍니다. (※작품속 가상인물도 가능)","[결국, 다시 광고]
광고기획자의 꿈을 품고 대학 입학 후 관련 스펙을 쌓기 위해 노력했지만 좋은 결과를 얻지 못했습니다. 각종 대외활동에 빈번히 떨어졌고, 열심히 준비한 공모전에서는 낙선하기 일쑤였습니다. 스스로의 능력과 광고업 자체에 회의감을 느꼈고, 때마침 코딩에 관심이 생겨 과감히 컴퓨터학과를 이중전공 으로 선택했습니다. 초반에는 색다른 분야를 공부하는 게 재밌었지만, 계속 혼자서 머리를 싸매고 문제를 푸는 것이 권태로웠습니다. 보다 크리에이티브한 것을 생각하고, 여러 사람과 아이디어를 공유하는 활동이 간절했습니다. 끝내 광고에 대한 미련을 버리지 못하고 참가한 DCA 공모전에서 또 낙선했지만 , 결과로 인한 회의감보다는 준비 과정에서 느낀 즐거움이 더 컸습니다. 따라서 다시 광고에 대한 확신을 가진 채 스스로 부족한 점을 채우기 위해 교내 실전마케팅 학회 쿠도스에 들어갔습니다.
[학회에서의 성장]
2021년 9월부터 2022년 12월까지, 저는 쿠도스에서 성장할 수 있었습니다. 매주 세션에서 사회 이슈 및 트렌드, 기업의 마케팅 전략, 광고 레퍼런스 를 공부하면서 사고의 틀을 넓혔습니다. 기획부장으로서 세션과 기획부 회의를 총괄하는 동시에, 사회 이슈 세션의 담당자로서 세션자와 끊임없이 소통하면서 건설적인 피드백을 하는 방법 을 익혔습니다. 또한 총 4회의 산학협력 프로젝트를 통해 실제 클라이언트의 문제를 파악하고 소비자 조사를 통해 인사이트를 도출하여 전략을 수립하는 경험을 쌓았습니다. 디지털 문구 플랫폼 위버딩 과의 산학협력에서는 1위를 하여 클라이언트와 함께 전략 오퍼레이션까지 진행했습니다. 학회 마지막 학기에는 회장으로서 단체의 매끄러운 운영을 이끌었습니다. 문제가 생기면 운영진 회의 및 총회, 혹은 개별 면담을 통해 학회원들의 의견을 다방면으로 수렴하고 조율하여 최선의 해결책을 도출하려고 노력했습니다. 이렇듯 쿠도스를 통해 좋은 기획서 를 쓰는 감을 익혔고, 열정적인 사람들과 협업하는 경험을 쌓았으며, 예상치 못한 문제에 대응하는 능력을 길렀습니다.
[공모전 수상을 통한 증명]
저의 성장을 증명할 수 있었던 계기는, 학회에서 만난 인연들과 함께 참가한 HS애드 공모전에서 대상을 받은 것이었습니다. ‘비비고와 MZ 간의 Emotional Connection 형성’이 과제였고, 심층적인 과제 분석 및 소비자 조사, 아이디어 회의 끝에 비비고의 브랜드 가치인 ‘정성’을 타깃에 맞게 재정의하자는 결론을 내렸습니다. 이에 따라 시간과 노력이 많이 드는 행위뿐만 아니라 현실적으로 달성 가능한 가벼운 행위 도 나를 위한 ‘정성’이라는 점을 강조한 imc 전략을 구상했습니다. 해당 기획서는 실무진들로부터 ‘브랜드 가치를 재정의한다는 게 참신했다’, ‘한 번만 읽어도 누구나 이해할 수 있는 기획서 ’라는 좋은 평을 받았습니다. 이후 HS애드 디스커버리 센터에서 한 달간 인턴을 하며 AP 직무에 대한 이해도를 높일 수 있었습니다. 이러한 경험은 큰 원동력이 되어 광고기획자라는 꿈을 향해 스퍼트를 낼 수 있도록 해주었습니다."
기업/아이디어,기획직 - 제일기획,최근 사회이슈 중 중요하다고 생각되는 한가지를 선택하고 이에 관한 자신의 견해를 기술해 주시기 바랍니다.,"[불황형 소비에 대응하는 광고 전략]
경제에 먹구름이 드리워지면서 불황형 소비 트렌드가 이어지고 있습니다. 한국은행 소비자동향조사 에 따르면 작년 하반기부터 올해 2월까지 소비자심리지수는 100보다 낮게 계산되었습니다. 즉, 소비자들이 향후 경제 전망을 비관적으로 보고 있다는 것입니다. 이에 따라 소비 심리가 움츠러들며 비용 절약과 만족감의 최대화를 동시에 추구하는 불황형 소비 트렌드가 확산하고 있습니다. 소비를 줄여 알뜰하게 생활하려는 사람이 늘어나면서 ‘짠테크’, ‘무지출 챌린지’가 유행하고, 비용 대비 효용이 뛰어난 것을 골라 합리적으로 소비하는 ‘체리슈머’도 등장했습니다. 또한 고가의 명품 대신 니치향수, 립스틱 등 비교적 저렴하지만 고급스러운 제품을 구매하려는 ‘스몰럭셔리’ 현상이 나타나고 있습니다. 이는 생활밀착형 소비에도 영향을 주어 레스토랑 간편식, 프리미엄 과일 등 일상에서 비교적 적은 비용으로 큰 만족감을 얻을 수 있는 제품들이 인기입니다.
이렇듯 불황기에 달라진 소비자들의 심리와 소비 패턴을 캐치하여 그에 맞는 광고 전략을 구상하는 것이 중요하다고 생각합니다. 불황형 소비의 기저에는 ‘불안감 ’이 깔려 있습니다. 불확실한 경제에 대한 불안, 현재 자신의 상황에 대한 불안이 소비자들로 하여금 ‘생각하는’ 소비를 하도록 만들었습니다. 그리고 작은 사치를 통해 그동안 불안감으로 억눌러온 니즈를 충족시키며 불안으로 인한 스트레스를 해소하는 것입니다. 따라서 특정 제품군 과 관련해서 소비자들이 느끼는 ‘불안감’은 무엇인지, 그 아래에 감춰진 진짜 ‘니즈’는 무엇인지 파악해야 합니다. 이를 위해서는 더욱 철저하고 심도 있는 소비자 조사가 필요합니다. 설문조사, 인터뷰, 빅데이터 수집 등 소비자 데이터를 다방면으로 수집하여 그들의 진짜 ‘보이스’를 발견해야 합니다. 이러한 소비자 중심의 Data Driven한 인사이트를 담은 광고만이, 불황 속에서 소비자들에게 각인될 수 있을 것입니다."
동기/포부,데이터분석 - 네이버웹툰,본 직무에 지원하게 된 동기를 간단하게 작성해주세요.,"콘텐츠 산업은 콘텐츠를 소비하는 사람들이 어떤 것을 원하고, 어떤 시점에 이탈하고, 어떻게 충성고객이 되어가는지에 대해 수많은 의문을 제기하고 데이터를 통해 궁금증을 해결해나갈 수 있는 매력적인 분야라고 생각합니다.
그중에서도 네이버 웹툰은 창작 생태계를 조성하여 신인 작가를 계속해서 발굴하고, 지속적으로 콘텐츠를 생산하고 있습니다. 이는 다양한 웹툰 작가와 소비자층을 끌어들이는 강력한 힘으로 작용하고, 그 결과 다른 웹툰 플랫폼과 비교했을 때 훨씬 다양한 콘텐츠와 많은 이용자를 확보하고 있습니다. 여기서 생성되는 방대한 소비자 행동 데이터는 데이터를 분석하여 인사이트를 도출하기 위한 최고의 환경이라고 생각합니다.
저는 스타트업 데이터 분석 인턴으로 일하면서 직접 데이터를 추출하여 인사이트를 얻고, 이를 실제 기획에 반영하는데 기여하는 경험을 쌓고 있습니다. 지금까지 대시보드 관리, KPI 설정 및 모니터, 광고 및 캠페인 효율 분석 등의 업무를 수행하였습니다. 서비스와 데이터베이스 구조를 정확히 파악하고 SQL로 데이터를 직접 추출할 수 있으며, 데이터 분석의 목적을 이해하고 타당한 가설을 수립하여 검증하는 능력을 키웠습니다. 저의 경험을 활용하여 보다 많은 소비자들의 행동데이터가 쌓이는 곳에서 좀 더 고도화된 분석 작업에 기여해보고 싶었고, 국내 최대의 웹툰 플랫폼인 네이버웹툰에서 분석 경험을 쌓고 싶어 지원하게 되었습니다. 고객들이 원하는 콘텐츠를 가장 편리하게 찾아볼 수 있는 플랫폼이 될 수 있도록 데이터 분석을 통해 서비스를 개선해가고 싶습니다."
역량/경험,데이터분석 - 네이버웹툰,"자신이 데이터분석 업무를 잘 할 수 있다고 생각하는 이유 3가지를 적고, 이를 뒷받침할 수 있는 사례가 있다면 소개해주세요.","저는 실시간으로 발생하는 고객들의 행동 데이터를 분석하여 인사이트를 도출하고, 더 좋은 서비스를 제공할 수 있는 방법을 찾는 Data Analyst가 되고 싶습니다. 저는 다음과 같은 이유로 제가 데이터 분석에 적합한 능력을 갖추고 있다고 생각합니다.

“데이터에 기반한 가설 수립과 검증 능력”
인턴 기간 대시보드를 모니터링하던 중, 7월 말 서비스의 당일 가입률이 하락하였다는 사실을 발견하였습니다. 광고비 지출 증가, 제품의 문제, 시즈널 트렌드 등의 요소가 7월 당일 가입률 하락에 영향을 미쳤을 것이라고 가설을 세운 뒤, 직접 데이터 추출하여 검증하였습니다. 분석 중 웹 진입자 수를 그동안 잘못 인식해왔던 오류를 발견하고, 개발자와 협력하여 원인을 파악한 뒤 부서에 공유하였습니다. 지금까지 웹 진입을 실제보다 적게 인식해서 생긴 오류까지 꼼꼼하게 확인하였습니다. 이렇듯 저는 작은 변화를 그냥 지나치지 않는 호기심과, 이를 실제 액션까지 연결하는데 필요한 소통 능력을 기반으로 실무 경험을 쌓았습니다.

“데이터 분석 및 지표설정 경험”

상품 기획 부서와 커뮤니케이션을 통해 대시보드를 재구성하여 관리하였습니다. 상품 특성상 상품이 교체되는 시기에 매출이 비교적 상승하였다가 서서히 감소하는 추세가 있다는 것을 인지하고, 상품 성과를 정확하게 비교할 수 있도록 판매 경과일 기준으로 매출액을 시각화한 차트를 추가하였습니다. 또한 특정 상품의 USP를 정의하기 위한 비교 지표를 설정한 경험이 있습니다. 상품 이용 가능 기간, 만료 시점, 특성을 고려하여 비교 대조군을 선택하고, 직접 데이터베이스에서 데이터를 추출하고 전처리하였습니다. 앱 접속률과 목표점수 달성률을 측정할 수 있는 지표를 만들고 인사이트를 도출하였습니다.

> 이 경험을 기반으로

“데이터 추출 스킬 및 툴 사용경험”
sql을 능숙하게 사용하여 원하는 데이터를 추출할 수 있습니다. 인턴 기간동안 직접 sql 쿼리를 작성하여 사내 대시보드 작업, 프로모션 및 제품 성과 분석 등 업무를 수행하였습니다. 또한, 학부 수업에서는 R과 Python 으로 데이터 분석 및 시각화에 필요한 패키지를 익혔습니다. 배운 내용을 활용하여 NBA 연봉 예측 모델 프로젝트를 진행한 적이 있습니다. Naive Bayes, Knn, Decision tree 등 R을 활용하여 직접 모델링 실습을 하면서 데이터를 전처리하고 패키지를 활용하여 모델링하는 방법을 익혔습씁니다.
인턴 기간 동안 앱스플라이어, 리대시, 앰플리튜드, 구글 애널리틱스 등 광고데이터와 사용자 행동 데이터를 분석하는 툴을 다양하게 접하였으며, 스스로 문서를 찾아 읽고 워크샵에 참여하여 사용하는 방법과 관련 용어를 익혔습니다. 전반적인 데이터에 대한 이해와 경험을 바탕으로, 새로운 데이터나 툴에 빠르게 적응하는데 강점을 가지고 있습니다."
기업/아이디어,데이터분석 - 네이버웹툰,"본인이 가장 좋아하는 콘텐츠 서비스의 장단점을 설명하고, 이 서비스를 성장시키는데 어떻게 데이터 분석을 활용해볼 수 있을지에 대한 아이디어를 구체적으로 작성해주세요.","저는 게임 스트리밍 서비스인 ‘트위치’를 자주 시청합니다. 트위치는 스트리머와 시청자들의 활발한 ‘소통’이 가장 큰 장점입니다. 트위치의 실시간 소통 시스템은 시청자들이 앱에 오랫동안 체류하게 만들고, 후원 제도는 더 많은 소비를 하게 유도합니다. 소비자들은 단순히 콘텐츠를 보는 것에서 더 나아가서, 콘텐츠의 일부분이 되는 경험을 할 수 있습니다. 또한 트위치는 스트리머를 구독하는 기능을 통해 시청자들의 충성도를 높이고 각 스트리머만의 커뮤니티를 형성하여 소통 기능을 강화하고 있습니다.
트위치의 단점은, 시청자들이 다양한 방송을 접할 기회가 별로 없다는 것입니다. 트위치는 사용자의 취향에 따라 다양한 방송을 선택해서 보는 재미를 강조하지만, 사용자는 선택에 어려움을 겪습니다. 이에 시청자들은 자신이 좋아하는 특정 스트리머의 방송만 챙겨보는 경우가 많습니다. 이는 신입 스트리머들의 성장 기회가 적어지고, 결국에는 방송의 다양성이 저하되는 결과로 나타날 수 있습니다.
트위치가 성장하기 위해서는 시청자가 주로 이용하는 시간, 소통의 정도, 좋아하는 게임 카테고리 등 데이터를 분석하여, 시청자가 다양한 스트리머의 방송을 접할 수 있는 시스템을 만들어야 합니다. 보고 있던 방송이 종료되면 자동으로 다음 맞춤 콘텐츠로 연결해주는 기능을 만들거나, 내가 주로 보는 스트리머가 휴식하는 기간에 대체 콘텐츠를 추천해주는 등의 방법으로 시청자가 새로운 방송을 찾아다니지 않아도 자연스럽게 접할 기회를 만들 수 있을 것입니다.
데이터 분석을 활용하면 시청자들이 플랫폼에서 더 오래 시간을 보내도록 유도하고, 서비스를 성장시킬 수 있습니다. 뿐만 아니라 새로운 스트리머를 발굴할 수 있고, 다양한 콘텐츠가 계속 생산되면서 사용자 수도 증가하는 선순환 구조를 만들어갈 수 있을 것입니다."
역량/경험,데이터분석 - 네이버웹툰,"본인이 직접 진행한 데이터 분석 프로젝트가 있다면 프로젝트를 진행했던 이유, 진행과정 및 결과에 대해서 소개해주세요. (팀프로젝트였던 경우 본인의 역할과 기여도 자세히 기술)","저는 교육 콘텐츠를 제공하는 앱 서비스 회사에서 인턴으로 일하고 있습니다. 인턴 기간 신규 유저 이탈을 방지하고 구매 전환율을 높이기 위한 데이터 분석 프로젝트에 참여했던 적이 있습니다.
저는 캠페인 기획 전 단계에서 sql로 데이터를 추출하여 각 퍼널에서의 이탈율을 정리하는 역할을 수행하였습니다. 전체 구매 비중에서 신규 유저의 구매가 70%정도로 많은 비중을 차지하고 있음에도 불구하고, 현재 93% 상의 신규 가입 유저가 다음달 이탈하고 있었습니다. 이 데이터에 근거하여 매출을 높이기 위해 가장 첫번째로 고려해야 할 타겟이 당월 신규 유입 유저임을 제시하였습니다.
회의를 통해 당월 신규 가입자 중 구매이력이 없는 무료유저에 할인 쿠폰을 제공하기로 결정되었습니다. 쿠폰 발급 당일에만 사용 가능한 30,000원 즉시 할인 쿠폰을 앱 푸쉬로 고객들에게 전달하였습니다.
저는 데이터를 추출하여 프로모션 결과를 정리하는 리포트를 작성하였습니다. 앱 푸쉬는 평소보다 두배 정도의 클릭율을 보였고, 결제고객 중 25%의 유저가 타임특가 쿠폰을 이용하여 결제한 고객이었습니다. 또한 이전 동일 요일과 비교하였을 때 매출건수가 약 20%정도 상승하였습니다. 이에 근거하여 앞으로 프로모션의 방향성에 대한 결론을 도출하였습니다. 고객에게 쿠폰을 전달할 방법이 한정적이었음에도 불구하고 좋은 효율을 보였으며, 앞으로 좀 더 세분화된 고객 세그먼트에게 구매를 유도하는 할인 프로모션이 필요함을 제시하였습니다.
이 프로젝트를 통해 고객의 컨텐츠 이용 현황, 구매 이력, 가입시기 등을 고려하여 다양한 고객 세그먼트를 설정하는 법을 배웠습니다. 또한 각 고객 세그먼트의 앱 이용율을 높이고 구매전환을 유도하는 방법에 대한 인사이트를 얻을 수 있었습니다."
